Workbook

Sheet м631к
A1: Тест 1 «Инициация» · м631к · ответы 1–14 вписывать буквой (а/б/в/г), как обвёл студент; пусто — 0 баллов
A2: ФИО | B2: Команда | C2: Вариант (А/Б) | D2: 1 | E2: 2 | F2: 3 | G2: 4 | H2: 5 | I2: 6 | J2: 7 | K2: 8 | L2: 9 | M2: 10 | N2: 11 | O2: 12 | P2: 13 | Q2: 14 | R2: Баллы 1–14 | S2: 15 (0–5) | T2: 16 (0–2) | U2: 17 (0–2) | V2: 18 (0–3) | W2: 19 (0–2) | X2: 20 (0–2) | Y2: Итого /30 | Z2: Зачтено | AA2: В БРС /10
R3: =IF($C3="","",IF(D3="",0,IF(LOWER(TRIM(D3))=IF($C3="Б",Ключ!$C$2,Ключ!$B$2),1,0))+IF(E3="",0,IF(LOWER(TRIM(E3))=IF($C3="Б",Ключ!$C$3,Ключ!$B$3),1,0))+IF(F3="",0,IF(LOWER(TRIM(F3))=IF($C3="Б",Ключ!$C$4,Ключ!$B$4),1,0))+IF(G3="",0,IF(LOWER(TRIM(G3))=IF($C3="Б",Ключ!$C$5,Ключ!$B$5),1,0))+IF(H3="",0,IF(LOWER(TRIM(H3))=IF($C3="Б",Ключ!$C$6,Ключ!$B$6),1,0))+IF(I3="",0,IF(LOWER(TRIM(I3))=IF($C3="Б",Ключ!$C$7,Ключ!$B$7),1,0))+IF(J3="",0,IF(LOWER(TRIM(J3))=IF($C3="Б",Ключ!$C$8,Ключ!$B$8),1,0))+IF(K3="",0,IF(LOWER(TRIM(K3))=IF($C3="Б",Ключ!$C$9,Ключ!$B$9),1,0))+IF(L3="",0,IF(LOWER(TRIM(L3))=IF($C3="Б",Ключ!$C$10,Ключ!$B$10),1,0))+IF(M3="",0,IF(LOWER(TRIM(M3))=IF($C3="Б",Ключ!$C$11,Ключ!$B$11),1,0))+IF(N3="",0,IF(LOWER(TRIM(N3))=IF($C3="Б",Ключ!$C$12,Ключ!$B$12),1,0))+IF(O3="",0,IF(LOWER(TRIM(O3))=IF($C3="Б",Ключ!$C$13,Ключ!$B$13),1,0))+IF(P3="",0,IF(LOWER(TRIM(P3))=IF($C3="Б",Ключ!$C$14,Ключ!$B$14),1,0))+IF(Q3="",0,IF(LOWER(TRIM(Q3))=IF($C3="Б",Ключ!$C$15,Ключ!$B$15),1,0))) | Y3: =IF($C3="","",R3+SUM(S3:X3)) | Z3: =IF($C3="","",IF(Y3>=15,"да","нет")) | AA3: =IF($C3="","",ROUND(Y3/3,1))
R4: =IF($C4="","",IF(D4="",0,IF(LOWER(TRIM(D4))=IF($C4="Б",Ключ!$C$2,Ключ!$B$2),1,0))+IF(E4="",0,IF(LOWER(TRIM(E4))=IF($C4="Б",Ключ!$C$3,Ключ!$B$3),1,0))+IF(F4="",0,IF(LOWER(TRIM(F4))=IF($C4="Б",Ключ!$C$4,Ключ!$B$4),1,0))+IF(G4="",0,IF(LOWER(TRIM(G4))=IF($C4="Б",Ключ!$C$5,Ключ!$B$5),1,0))+IF(H4="",0,IF(LOWER(TRIM(H4))=IF($C4="Б",Ключ!$C$6,Ключ!$B$6),1,0))+IF(I4="",0,IF(LOWER(TRIM(I4))=IF($C4="Б",Ключ!$C$7,Ключ!$B$7),1,0))+IF(J4="",0,IF(LOWER(TRIM(J4))=IF($C4="Б",Ключ!$C$8,Ключ!$B$8),1,0))+IF(K4="",0,IF(LOWER(TRIM(K4))=IF($C4="Б",Ключ!$C$9,Ключ!$B$9),1,0))+IF(L4="",0,IF(LOWER(TRIM(L4))=IF($C4="Б",Ключ!$C$10,Ключ!$B$10),1,0))+IF(M4="",0,IF(LOWER(TRIM(M4))=IF($C4="Б",Ключ!$C$11,Ключ!$B$11),1,0))+IF(N4="",0,IF(LOWER(TRIM(N4))=IF($C4="Б",Ключ!$C$12,Ключ!$B$12),1,0))+IF(O4="",0,IF(LOWER(TRIM(O4))=IF($C4="Б",Ключ!$C$13,Ключ!$B$13),1,0))+IF(P4="",0,IF(LOWER(TRIM(P4))=IF($C4="Б",Ключ!$C$14,Ключ!$B$14),1,0))+IF(Q4="",0,IF(LOWER(TRIM(Q4))=IF($C4="Б",Ключ!$C$15,Ключ!$B$15),1,0))) | Y4: =IF($C4="","",R4+SUM(S4:X4)) | Z4: =IF($C4="","",IF(Y4>=15,"да","нет")) | AA4: =IF($C4="","",ROUND(Y4/3,1))
R5: =IF($C5="","",IF(D5="",0,IF(LOWER(TRIM(D5))=IF($C5="Б",Ключ!$C$2,Ключ!$B$2),1,0))+IF(E5="",0,IF(LOWER(TRIM(E5))=IF($C5="Б",Ключ!$C$3,Ключ!$B$3),1,0))+IF(F5="",0,IF(LOWER(TRIM(F5))=IF($C5="Б",Ключ!$C$4,Ключ!$B$4),1,0))+IF(G5="",0,IF(LOWER(TRIM(G5))=IF($C5="Б",Ключ!$C$5,Ключ!$B$5),1,0))+IF(H5="",0,IF(LOWER(TRIM(H5))=IF($C5="Б",Ключ!$C$6,Ключ!$B$6),1,0))+IF(I5="",0,IF(LOWER(TRIM(I5))=IF($C5="Б",Ключ!$C$7,Ключ!$B$7),1,0))+IF(J5="",0,IF(LOWER(TRIM(J5))=IF($C5="Б",Ключ!$C$8,Ключ!$B$8),1,0))+IF(K5="",0,IF(LOWER(TRIM(K5))=IF($C5="Б",Ключ!$C$9,Ключ!$B$9),1,0))+IF(L5="",0,IF(LOWER(TRIM(L5))=IF($C5="Б",Ключ!$C$10,Ключ!$B$10),1,0))+IF(M5="",0,IF(LOWER(TRIM(M5))=IF($C5="Б",Ключ!$C$11,Ключ!$B$11),1,0))+IF(N5="",0,IF(LOWER(TRIM(N5))=IF($C5="Б",Ключ!$C$12,Ключ!$B$12),1,0))+IF(O5="",0,IF(LOWER(TRIM(O5))=IF($C5="Б",Ключ!$C$13,Ключ!$B$13),1,0))+IF(P5="",0,IF(LOWER(TRIM(P5))=IF($C5="Б",Ключ!$C$14,Ключ!$B$14),1,0))+IF(Q5="",0,IF(LOWER(TRIM(Q5))=IF($C5="Б",Ключ!$C$15,Ключ!$B$15),1,0))) | Y5: =IF($C5="","",R5+SUM(S5:X5)) | Z5: =IF($C5="","",IF(Y5>=15,"да","нет")) | AA5: =IF($C5="","",ROUND(Y5/3,1))
R6: =IF($C6="","",IF(D6="",0,IF(LOWER(TRIM(D6))=IF($C6="Б",Ключ!$C$2,Ключ!$B$2),1,0))+IF(E6="",0,IF(LOWER(TRIM(E6))=IF($C6="Б",Ключ!$C$3,Ключ!$B$3),1,0))+IF(F6="",0,IF(LOWER(TRIM(F6))=IF($C6="Б",Ключ!$C$4,Ключ!$B$4),1,0))+IF(G6="",0,IF(LOWER(TRIM(G6))=IF($C6="Б",Ключ!$C$5,Ключ!$B$5),1,0))+IF(H6="",0,IF(LOWER(TRIM(H6))=IF($C6="Б",Ключ!$C$6,Ключ!$B$6),1,0))+IF(I6="",0,IF(LOWER(TRIM(I6))=IF($C6="Б",Ключ!$C$7,Ключ!$B$7),1,0))+IF(J6="",0,IF(LOWER(TRIM(J6))=IF($C6="Б",Ключ!$C$8,Ключ!$B$8),1,0))+IF(K6="",0,IF(LOWER(TRIM(K6))=IF($C6="Б",Ключ!$C$9,Ключ!$B$9),1,0))+IF(L6="",0,IF(LOWER(TRIM(L6))=IF($C6="Б",Ключ!$C$10,Ключ!$B$10),1,0))+IF(M6="",0,IF(LOWER(TRIM(M6))=IF($C6="Б",Ключ!$C$11,Ключ!$B$11),1,0))+IF(N6="",0,IF(LOWER(TRIM(N6))=IF($C6="Б",Ключ!$C$12,Ключ!$B$12),1,0))+IF(O6="",0,IF(LOWER(TRIM(O6))=IF($C6="Б",Ключ!$C$13,Ключ!$B$13),1,0))+IF(P6="",0,IF(LOWER(TRIM(P6))=IF($C6="Б",Ключ!$C$14,Ключ!$B$14),1,0))+IF(Q6="",0,IF(LOWER(TRIM(Q6))=IF($C6="Б",Ключ!$C$15,Ключ!$B$15),1,0))) | Y6: =IF($C6="","",R6+SUM(S6:X6)) | Z6: =IF($C6="","",IF(Y6>=15,"да","нет")) | AA6: =IF($C6="","",ROUND(Y6/3,1))
R7: =IF($C7="","",IF(D7="",0,IF(LOWER(TRIM(D7))=IF($C7="Б",Ключ!$C$2,Ключ!$B$2),1,0))+IF(E7="",0,IF(LOWER(TRIM(E7))=IF($C7="Б",Ключ!$C$3,Ключ!$B$3),1,0))+IF(F7="",0,IF(LOWER(TRIM(F7))=IF($C7="Б",Ключ!$C$4,Ключ!$B$4),1,0))+IF(G7="",0,IF(LOWER(TRIM(G7))=IF($C7="Б",Ключ!$C$5,Ключ!$B$5),1,0))+IF(H7="",0,IF(LOWER(TRIM(H7))=IF($C7="Б",Ключ!$C$6,Ключ!$B$6),1,0))+IF(I7="",0,IF(LOWER(TRIM(I7))=IF($C7="Б",Ключ!$C$7,Ключ!$B$7),1,0))+IF(J7="",0,IF(LOWER(TRIM(J7))=IF($C7="Б",Ключ!$C$8,Ключ!$B$8),1,0))+IF(K7="",0,IF(LOWER(TRIM(K7))=IF($C7="Б",Ключ!$C$9,Ключ!$B$9),1,0))+IF(L7="",0,IF(LOWER(TRIM(L7))=IF($C7="Б",Ключ!$C$10,Ключ!$B$10),1,0))+IF(M7="",0,IF(LOWER(TRIM(M7))=IF($C7="Б",Ключ!$C$11,Ключ!$B$11),1,0))+IF(N7="",0,IF(LOWER(TRIM(N7))=IF($C7="Б",Ключ!$C$12,Ключ!$B$12),1,0))+IF(O7="",0,IF(LOWER(TRIM(O7))=IF($C7="Б",Ключ!$C$13,Ключ!$B$13),1,0))+IF(P7="",0,IF(LOWER(TRIM(P7))=IF($C7="Б",Ключ!$C$14,Ключ!$B$14),1,0))+IF(Q7="",0,IF(LOWER(TRIM(Q7))=IF($C7="Б",Ключ!$C$15,Ключ!$B$15),1,0))) | Y7: =IF($C7="","",R7+SUM(S7:X7)) | Z7: =IF($C7="","",IF(Y7>=15,"да","нет")) | AA7: =IF($C7="","",ROUND(Y7/3,1))
R8: =IF($C8="","",IF(D8="",0,IF(LOWER(TRIM(D8))=IF($C8="Б",Ключ!$C$2,Ключ!$B$2),1,0))+IF(E8="",0,IF(LOWER(TRIM(E8))=IF($C8="Б",Ключ!$C$3,Ключ!$B$3),1,0))+IF(F8="",0,IF(LOWER(TRIM(F8))=IF($C8="Б",Ключ!$C$4,Ключ!$B$4),1,0))+IF(G8="",0,IF(LOWER(TRIM(G8))=IF($C8="Б",Ключ!$C$5,Ключ!$B$5),1,0))+IF(H8="",0,IF(LOWER(TRIM(H8))=IF($C8="Б",Ключ!$C$6,Ключ!$B$6),1,0))+IF(I8="",0,IF(LOWER(TRIM(I8))=IF($C8="Б",Ключ!$C$7,Ключ!$B$7),1,0))+IF(J8="",0,IF(LOWER(TRIM(J8))=IF($C8="Б",Ключ!$C$8,Ключ!$B$8),1,0))+IF(K8="",0,IF(LOWER(TRIM(K8))=IF($C8="Б",Ключ!$C$9,Ключ!$B$9),1,0))+IF(L8="",0,IF(LOWER(TRIM(L8))=IF($C8="Б",Ключ!$C$10,Ключ!$B$10),1,0))+IF(M8="",0,IF(LOWER(TRIM(M8))=IF($C8="Б",Ключ!$C$11,Ключ!$B$11),1,0))+IF(N8="",0,IF(LOWER(TRIM(N8))=IF($C8="Б",Ключ!$C$12,Ключ!$B$12),1,0))+IF(O8="",0,IF(LOWER(TRIM(O8))=IF($C8="Б",Ключ!$C$13,Ключ!$B$13),1,0))+IF(P8="",0,IF(LOWER(TRIM(P8))=IF($C8="Б",Ключ!$C$14,Ключ!$B$14),1,0))+IF(Q8="",0,IF(LOWER(TRIM(Q8))=IF($C8="Б",Ключ!$C$15,Ключ!$B$15),1,0))) | Y8: =IF($C8="","",R8+SUM(S8:X8)) | Z8: =IF($C8="","",IF(Y8>=15,"да","нет")) | AA8: =IF($C8="","",ROUND(Y8/3,1))
R9: =IF($C9="","",IF(D9="",0,IF(LOWER(TRIM(D9))=IF($C9="Б",Ключ!$C$2,Ключ!$B$2),1,0))+IF(E9="",0,IF(LOWER(TRIM(E9))=IF($C9="Б",Ключ!$C$3,Ключ!$B$3),1,0))+IF(F9="",0,IF(LOWER(TRIM(F9))=IF($C9="Б",Ключ!$C$4,Ключ!$B$4),1,0))+IF(G9="",0,IF(LOWER(TRIM(G9))=IF($C9="Б",Ключ!$C$5,Ключ!$B$5),1,0))+IF(H9="",0,IF(LOWER(TRIM(H9))=IF($C9="Б",Ключ!$C$6,Ключ!$B$6),1,0))+IF(I9="",0,IF(LOWER(TRIM(I9))=IF($C9="Б",Ключ!$C$7,Ключ!$B$7),1,0))+IF(J9="",0,IF(LOWER(TRIM(J9))=IF($C9="Б",Ключ!$C$8,Ключ!$B$8),1,0))+IF(K9="",0,IF(LOWER(TRIM(K9))=IF($C9="Б",Ключ!$C$9,Ключ!$B$9),1,0))+IF(L9="",0,IF(LOWER(TRIM(L9))=IF($C9="Б",Ключ!$C$10,Ключ!$B$10),1,0))+IF(M9="",0,IF(LOWER(TRIM(M9))=IF($C9="Б",Ключ!$C$11,Ключ!$B$11),1,0))+IF(N9="",0,IF(LOWER(TRIM(N9))=IF($C9="Б",Ключ!$C$12,Ключ!$B$12),1,0))+IF(O9="",0,IF(LOWER(TRIM(O9))=IF($C9="Б",Ключ!$C$13,Ключ!$B$13),1,0))+IF(P9="",0,IF(LOWER(TRIM(P9))=IF($C9="Б",Ключ!$C$14,Ключ!$B$14),1,0))+IF(Q9="",0,IF(LOWER(TRIM(Q9))=IF($C9="Б",Ключ!$C$15,Ключ!$B$15),1,0))) | Y9: =IF($C9="","",R9+SUM(S9:X9)) | Z9: =IF($C9="","",IF(Y9>=15,"да","нет")) | AA9: =IF($C9="","",ROUND(Y9/3,1))
R10: =IF($C10="","",IF(D10="",0,IF(LOWER(TRIM(D10))=IF($C10="Б",Ключ!$C$2,Ключ!$B$2),1,0))+IF(E10="",0,IF(LOWER(TRIM(E10))=IF($C10="Б",Ключ!$C$3,Ключ!$B$3),1,0))+IF(F10="",0,IF(LOWER(TRIM(F10))=IF($C10="Б",Ключ!$C$4,Ключ!$B$4),1,0))+IF(G10="",0,IF(LOWER(TRIM(G10))=IF($C10="Б",Ключ!$C$5,Ключ!$B$5),1,0))+IF(H10="",0,IF(LOWER(TRIM(H10))=IF($C10="Б",Ключ!$C$6,Ключ!$B$6),1,0))+IF(I10="",0,IF(LOWER(TRIM(I10))=IF($C10="Б",Ключ!$C$7,Ключ!$B$7),1,0))+IF(J10="",0,IF(LOWER(TRIM(J10))=IF($C10="Б",Ключ!$C$8,Ключ!$B$8),1,0))+IF(K10="",0,IF(LOWER(TRIM(K10))=IF($C10="Б",Ключ!$C$9,Ключ!$B$9),1,0))+IF(L10="",0,IF(LOWER(TRIM(L10))=IF($C10="Б",Ключ!$C$10,Ключ!$B$10),1,0))+IF(M10="",0,IF(LOWER(TRIM(M10))=IF($C10="Б",Ключ!$C$11,Ключ!$B$11),1,0))+IF(N10="",0,IF(LOWER(TRIM(N10))=IF($C10="Б",Ключ!$C$12,Ключ!$B$12),1,0))+IF(O10="",0,IF(LOWER(TRIM(O10))=IF($C10="Б",Ключ!$C$13,Ключ!$B$13),1,0))+IF(P10="",0,IF(LOWER(TRIM(P10))=IF($C10="Б",Ключ!$C$14,Ключ!$B$14),1,0))+IF(Q10="",0,IF(LOWER(TRIM(Q10))=IF($C10="Б",Ключ!$C$15,Ключ!$B$15),1,0))) | Y10: =IF($C10="","",R10+SUM(S10:X10)) | Z10: =IF($C10="","",IF(Y10>=15,"да","нет")) | AA10: =IF($C10="","",ROUND(Y10/3,1))
R11: =IF($C11="","",IF(D11="",0,IF(LOWER(TRIM(D11))=IF($C11="Б",Ключ!$C$2,Ключ!$B$2),1,0))+IF(E11="",0,IF(LOWER(TRIM(E11))=IF($C11="Б",Ключ!$C$3,Ключ!$B$3),1,0))+IF(F11="",0,IF(LOWER(TRIM(F11))=IF($C11="Б",Ключ!$C$4,Ключ!$B$4),1,0))+IF(G11="",0,IF(LOWER(TRIM(G11))=IF($C11="Б",Ключ!$C$5,Ключ!$B$5),1,0))+IF(H11="",0,IF(LOWER(TRIM(H11))=IF($C11="Б",Ключ!$C$6,Ключ!$B$6),1,0))+IF(I11="",0,IF(LOWER(TRIM(I11))=IF($C11="Б",Ключ!$C$7,Ключ!$B$7),1,0))+IF(J11="",0,IF(LOWER(TRIM(J11))=IF($C11="Б",Ключ!$C$8,Ключ!$B$8),1,0))+IF(K11="",0,IF(LOWER(TRIM(K11))=IF($C11="Б",Ключ!$C$9,Ключ!$B$9),1,0))+IF(L11="",0,IF(LOWER(TRIM(L11))=IF($C11="Б",Ключ!$C$10,Ключ!$B$10),1,0))+IF(M11="",0,IF(LOWER(TRIM(M11))=IF($C11="Б",Ключ!$C$11,Ключ!$B$11),1,0))+IF(N11="",0,IF(LOWER(TRIM(N11))=IF($C11="Б",Ключ!$C$12,Ключ!$B$12),1,0))+IF(O11="",0,IF(LOWER(TRIM(O11))=IF($C11="Б",Ключ!$C$13,Ключ!$B$13),1,0))+IF(P11="",0,IF(LOWER(TRIM(P11))=IF($C11="Б",Ключ!$C$14,Ключ!$B$14),1,0))+IF(Q11="",0,IF(LOWER(TRIM(Q11))=IF($C11="Б",Ключ!$C$15,Ключ!$B$15),1,0))) | Y11: =IF($C11="","",R11+SUM(S11:X11)) | Z11: =IF($C11="","",IF(Y11>=15,"да","нет")) | AA11: =IF($C11="","",ROUND(Y11/3,1))
R12: =IF($C12="","",IF(D12="",0,IF(LOWER(TRIM(D12))=IF($C12="Б",Ключ!$C$2,Ключ!$B$2),1,0))+IF(E12="",0,IF(LOWER(TRIM(E12))=IF($C12="Б",Ключ!$C$3,Ключ!$B$3),1,0))+IF(F12="",0,IF(LOWER(TRIM(F12))=IF($C12="Б",Ключ!$C$4,Ключ!$B$4),1,0))+IF(G12="",0,IF(LOWER(TRIM(G12))=IF($C12="Б",Ключ!$C$5,Ключ!$B$5),1,0))+IF(H12="",0,IF(LOWER(TRIM(H12))=IF($C12="Б",Ключ!$C$6,Ключ!$B$6),1,0))+IF(I12="",0,IF(LOWER(TRIM(I12))=IF($C12="Б",Ключ!$C$7,Ключ!$B$7),1,0))+IF(J12="",0,IF(LOWER(TRIM(J12))=IF($C12="Б",Ключ!$C$8,Ключ!$B$8),1,0))+IF(K12="",0,IF(LOWER(TRIM(K12))=IF($C12="Б",Ключ!$C$9,Ключ!$B$9),1,0))+IF(L12="",0,IF(LOWER(TRIM(L12))=IF($C12="Б",Ключ!$C$10,Ключ!$B$10),1,0))+IF(M12="",0,IF(LOWER(TRIM(M12))=IF($C12="Б",Ключ!$C$11,Ключ!$B$11),1,0))+IF(N12="",0,IF(LOWER(TRIM(N12))=IF($C12="Б",Ключ!$C$12,Ключ!$B$12),1,0))+IF(O12="",0,IF(LOWER(TRIM(O12))=IF($C12="Б",Ключ!$C$13,Ключ!$B$13),1,0))+IF(P12="",0,IF(LOWER(TRIM(P12))=IF($C12="Б",Ключ!$C$14,Ключ!$B$14),1,0))+IF(Q12="",0,IF(LOWER(TRIM(Q12))=IF($C12="Б",Ключ!$C$15,Ключ!$B$15),1,0))) | Y12: =IF($C12="","",R12+SUM(S12:X12)) | Z12: =IF($C12="","",IF(Y12>=15,"да","нет")) | AA12: =IF($C12="","",ROUND(Y12/3,1))
R13: =IF($C13="","",IF(D13="",0,IF(LOWER(TRIM(D13))=IF($C13="Б",Ключ!$C$2,Ключ!$B$2),1,0))+IF(E13="",0,IF(LOWER(TRIM(E13))=IF($C13="Б",Ключ!$C$3,Ключ!$B$3),1,0))+IF(F13="",0,IF(LOWER(TRIM(F13))=IF($C13="Б",Ключ!$C$4,Ключ!$B$4),1,0))+IF(G13="",0,IF(LOWER(TRIM(G13))=IF($C13="Б",Ключ!$C$5,Ключ!$B$5),1,0))+IF(H13="",0,IF(LOWER(TRIM(H13))=IF($C13="Б",Ключ!$C$6,Ключ!$B$6),1,0))+IF(I13="",0,IF(LOWER(TRIM(I13))=IF($C13="Б",Ключ!$C$7,Ключ!$B$7),1,0))+IF(J13="",0,IF(LOWER(TRIM(J13))=IF($C13="Б",Ключ!$C$8,Ключ!$B$8),1,0))+IF(K13="",0,IF(LOWER(TRIM(K13))=IF($C13="Б",Ключ!$C$9,Ключ!$B$9),1,0))+IF(L13="",0,IF(LOWER(TRIM(L13))=IF($C13="Б",Ключ!$C$10,Ключ!$B$10),1,0))+IF(M13="",0,IF(LOWER(TRIM(M13))=IF($C13="Б",Ключ!$C$11,Ключ!$B$11),1,0))+IF(N13="",0,IF(LOWER(TRIM(N13))=IF($C13="Б",Ключ!$C$12,Ключ!$B$12),1,0))+IF(O13="",0,IF(LOWER(TRIM(O13))=IF($C13="Б",Ключ!$C$13,Ключ!$B$13),1,0))+IF(P13="",0,IF(LOWER(TRIM(P13))=IF($C13="Б",Ключ!$C$14,Ключ!$B$14),1,0))+IF(Q13="",0,IF(LOWER(TRIM(Q13))=IF($C13="Б",Ключ!$C$15,Ключ!$B$15),1,0))) | Y13: =IF($C13="","",R13+SUM(S13:X13)) | Z13: =IF($C13="","",IF(Y13>=15,"да","нет")) | AA13: =IF($C13="","",ROUND(Y13/3,1))
R14: =IF($C14="","",IF(D14="",0,IF(LOWER(TRIM(D14))=IF($C14="Б",Ключ!$C$2,Ключ!$B$2),1,0))+IF(E14="",0,IF(LOWER(TRIM(E14))=IF($C14="Б",Ключ!$C$3,Ключ!$B$3),1,0))+IF(F14="",0,IF(LOWER(TRIM(F14))=IF($C14="Б",Ключ!$C$4,Ключ!$B$4),1,0))+IF(G14="",0,IF(LOWER(TRIM(G14))=IF($C14="Б",Ключ!$C$5,Ключ!$B$5),1,0))+IF(H14="",0,IF(LOWER(TRIM(H14))=IF($C14="Б",Ключ!$C$6,Ключ!$B$6),1,0))+IF(I14="",0,IF(LOWER(TRIM(I14))=IF($C14="Б",Ключ!$C$7,Ключ!$B$7),1,0))+IF(J14="",0,IF(LOWER(TRIM(J14))=IF($C14="Б",Ключ!$C$8,Ключ!$B$8),1,0))+IF(K14="",0,IF(LOWER(TRIM(K14))=IF($C14="Б",Ключ!$C$9,Ключ!$B$9),1,0))+IF(L14="",0,IF(LOWER(TRIM(L14))=IF($C14="Б",Ключ!$C$10,Ключ!$B$10),1,0))+IF(M14="",0,IF(LOWER(TRIM(M14))=IF($C14="Б",Ключ!$C$11,Ключ!$B$11),1,0))+IF(N14="",0,IF(LOWER(TRIM(N14))=IF($C14="Б",Ключ!$C$12,Ключ!$B$12),1,0))+IF(O14="",0,IF(LOWER(TRIM(O14))=IF($C14="Б",Ключ!$C$13,Ключ!$B$13),1,0))+IF(P14="",0,IF(LOWER(TRIM(P14))=IF($C14="Б",Ключ!$C$14,Ключ!$B$14),1,0))+IF(Q14="",0,IF(LOWER(TRIM(Q14))=IF($C14="Б",Ключ!$C$15,Ключ!$B$15),1,0))) | Y14: =IF($C14="","",R14+SUM(S14:X14)) | Z14: =IF($C14="","",IF(Y14>=15,"да","нет")) | AA14: =IF($C14="","",ROUND(Y14/3,1))
... R42: =IF($C42="","",IF(D42="",0,IF(LOWER(TRIM(D42))=IF($C42="Б",Ключ!$C$2,Ключ!$B$2),1,0))+IF(E42="",0,IF(LOWER(TRIM(E42))=IF($C42="Б",Ключ!$C$3,Ключ!$B$3),1,0))+IF(F42="",0,IF(LOWER(TRIM(F42))=IF($C42="Б",Ключ!$C$4,Ключ!$B$4),1,0))+IF(G42="",0,IF(LOWER(TRIM(G42))=IF($C42="Б",Ключ!$C$5,Ключ!$B$5),1,0))+IF(H42="",0,IF(LOWER(TRIM(H42))=IF($C42="Б",Ключ!$C$6,Ключ!$B$6),1,0))+IF(I42="",0,IF(LOWER(TRIM(I42))=IF($C42="Б",Ключ!$C$7,Ключ!$B$7),1,0))+IF(J42="",0,IF(LOWER(TRIM(J42))=IF($C42="Б",Ключ!$C$8,Ключ!$B$8),1,0))+IF(K42="",0,IF(LOWER(TRIM(K42))=IF($C42="Б",Ключ!$C$9,Ключ!$B$9),1,0))+IF(L42="",0,IF(LOWER(TRIM(L42))=IF($C42="Б",Ключ!$C$10,Ключ!$B$10),1,0))+IF(M42="",0,IF(LOWER(TRIM(M42))=IF($C42="Б",Ключ!$C$11,Ключ!$B$11),1,0))+IF(N42="",0,IF(LOWER(TRIM(N42))=IF($C42="Б",Ключ!$C$12,Ключ!$B$12),1,0))+IF(O42="",0,IF(LOWER(TRIM(O42))=IF($C42="Б",Ключ!$C$13,Ключ!$B$13),1,0))+IF(P42="",0,IF(LOWER(TRIM(P42))=IF($C42="Б",Ключ!$C$14,Ключ!$B$14),1,0))+IF(Q42="",0,IF(LOWER(TRIM(Q42))=IF($C42="Б",Ключ!$C$15,Ключ!$B$15),1,0))) | Y42: =IF($C42="","",R42+SUM(S42:X42)) | Z42: =IF($C42="","",IF(Y42>=15,"да","нет")) | AA42: =IF($C42="","",ROUND(Y42/3,1))
A44: Доля верных ответов по вопросу (для разбора на следующей паре)
D45: =IFERROR((SUMPRODUCT(($C$3:$C$42="А")*(LOWER(TRIM(D3:D42))=Ключ!$B$2))+SUMPRODUCT(($C$3:$C$42="Б")*(LOWER(TRIM(D3:D42))=Ключ!$C$2)))/COUNTA($C$3:$C$42),"") | E45: =IFERROR((SUMPRODUCT(($C$3:$C$42="А")*(LOWER(TRIM(E3:E42))=Ключ!$B$3))+SUMPRODUCT(($C$3:$C$42="Б")*(LOWER(TRIM(E3:E42))=Ключ!$C$3)))/COUNTA($C$3:$C$42),"") | F45: =IFERROR((SUMPRODUCT(($C$3:$C$42="А")*(LOWER(TRIM(F3:F42))=Ключ!$B$4))+SUMPRODUCT(($C$3:$C$42="Б")*(LOWER(TRIM(F3:F42))=Ключ!$C$4)))/COUNTA($C$3:$C$42),"") | G45: =IFERROR((SUMPRODUCT(($C$3:$C$42="А")*(LOWER(TRIM(G3:G42))=Ключ!$B$5))+SUMPRODUCT(($C$3:$C$42="Б")*(LOWER(TRIM(G3:G42))=Ключ!$C$5)))/COUNTA($C$3:$C$42),"") | H45: =IFERROR((SUMPRODUCT(($C$3:$C$42="А")*(LOWER(TRIM(H3:H42))=Ключ!$B$6))+SUMPRODUCT(($C$3:$C$42="Б")*(LOWER(TRIM(H3:H42))=Ключ!$C$6)))/COUNTA($C$3:$C$42),"") | I45: =IFERROR((SUMPRODUCT(($C$3:$C$42="А")*(LOWER(TRIM(I3:I42))=Ключ!$B$7))+SUMPRODUCT(($C$3:$C$42="Б")*(LOWER(TRIM(I3:I42))=Ключ!$C$7)))/COUNTA($C$3:$C$42),"") | J45: =IFERROR((SUMPRODUCT(($C$3:$C$42="А")*(LOWER(TRIM(J3:J42))=Ключ!$B$8))+SUMPRODUCT(($C$3:$C$42="Б")*(LOWER(TRIM(J3:J42))=Ключ!$C$8)))/COUNTA($C$3:$C$42),"") | K45: =IFERROR((SUMPRODUCT(($C$3:$C$42="А")*(LOWER(TRIM(K3:K42))=Ключ!$B$9))+SUMPRODUCT(($C$3:$C$42="Б")*(LOWER(TRIM(K3:K42))=Ключ!$C$9)))/COUNTA($C$3:$C$42),"") | L45: =IFERROR((SUMPRODUCT(($C$3:$C$42="А")*(LOWER(TRIM(L3:L42))=Ключ!$B$10))+SUMPRODUCT(($C$3:$C$42="Б")*(LOWER(TRIM(L3:L42))=Ключ!$C$10)))/COUNTA($C$3:$C$42),"") | M45: =IFERROR((SUMPRODUCT(($C$3:$C$42="А")*(LOWER(TRIM(M3:M42))=Ключ!$B$11))+SUMPRODUCT(($C$3:$C$42="Б")*(LOWER(TRIM(M3:M42))=Ключ!$C$11)))/COUNTA($C$3:$C$42),"") | N45: =IFERROR((SUMPRODUCT(($C$3:$C$42="А")*(LOWER(TRIM(N3:N42))=Ключ!$B$12))+SUMPRODUCT(($C$3:$C$42="Б")*(LOWER(TRIM(N3:N42))=Ключ!$C$12)))/COUNTA($C$3:$C$42),"") | O45: =IFERROR((SUMPRODUCT(($C$3:$C$42="А")*(LOWER(TRIM(O3:O42))=Ключ!$B$13))+SUMPRODUCT(($C$3:$C$42="Б")*(LOWER(TRIM(O3:O42))=Ключ!$C$13)))/COUNTA($C$3:$C$42),"") | P45: =IFERROR((SUMPRODUCT(($C$3:$C$42="А")*(LOWER(TRIM(P3:P42))=Ключ!$B$14))+SUMPRODUCT(($C$3:$C$42="Б")*(LOWER(TRIM(P3:P42))=Ключ!$C$14)))/COUNTA($C$3:$C$42),"") | Q45: =IFERROR((SUMPRODUCT(($C$3:$C$42="А")*(LOWER(TRIM(Q3:Q42))=Ключ!$B$15))+SUMPRODUCT(($C$3:$C$42="Б")*(LOWER(TRIM(Q3:Q42))=Ключ!$C$15)))/COUNTA($C$3:$C$42),"") | S45: =IFERROR(AVERAGE(S3:S42),"") | T45: =IFERROR(AVERAGE(T3:T42),"") | U45: =IFERROR(AVERAGE(U3:U42),"") | V45: =IFERROR(AVERAGE(V3:V42),"") | W45: =IFERROR(AVERAGE(W3:W42),"") | X45: =IFERROR(AVERAGE(X3:X42),"")
S46: ← средний балл

Sheet м531
A1: Тест 1 «Инициация» · м531 · ответы 1–14 вписывать буквой (а/б/в/г), как обвёл студент; пусто — 0 баллов
A2: ФИО | B2: Команда | C2: Вариант (А/Б) | D2: 1 | E2: 2 | F2: 3 | G2: 4 | H2: 5 | I2: 6 | J2: 7 | K2: 8 | L2: 9 | M2: 10 | N2: 11 | O2: 12 | P2: 13 | Q2: 14 | R2: Баллы 1–14 | S2: 15 (0–5) | T2: 16 (0–2) | U2: 17 (0–2) | V2: 18 (0–3) | W2: 19 (0–2) | X2: 20 (0–2) | Y2: Итого /30 | Z2: Зачтено | AA2: В БРС /10
R3: =IF($C3="","",IF(D3="",0,IF(LOWER(TRIM(D3))=IF($C3="Б",Ключ!$C$2,Ключ!$B$2),1,0))+IF(E3="",0,IF(LOWER(TRIM(E3))=IF($C3="Б",Ключ!$C$3,Ключ!$B$3),1,0))+IF(F3="",0,IF(LOWER(TRIM(F3))=IF($C3="Б",Ключ!$C$4,Ключ!$B$4),1,0))+IF(G3="",0,IF(LOWER(TRIM(G3))=IF($C3="Б",Ключ!$C$5,Ключ!$B$5),1,0))+IF(H3="",0,IF(LOWER(TRIM(H3))=IF($C3="Б",Ключ!$C$6,Ключ!$B$6),1,0))+IF(I3="",0,IF(LOWER(TRIM(I3))=IF($C3="Б",Ключ!$C$7,Ключ!$B$7),1,0))+IF(J3="",0,IF(LOWER(TRIM(J3))=IF($C3="Б",Ключ!$C$8,Ключ!$B$8),1,0))+IF(K3="",0,IF(LOWER(TRIM(K3))=IF($C3="Б",Ключ!$C$9,Ключ!$B$9),1,0))+IF(L3="",0,IF(LOWER(TRIM(L3))=IF($C3="Б",Ключ!$C$10,Ключ!$B$10),1,0))+IF(M3="",0,IF(LOWER(TRIM(M3))=IF($C3="Б",Ключ!$C$11,Ключ!$B$11),1,0))+IF(N3="",0,IF(LOWER(TRIM(N3))=IF($C3="Б",Ключ!$C$12,Ключ!$B$12),1,0))+IF(O3="",0,IF(LOWER(TRIM(O3))=IF($C3="Б",Ключ!$C$13,Ключ!$B$13),1,0))+IF(P3="",0,IF(LOWER(TRIM(P3))=IF($C3="Б",Ключ!$C$14,Ключ!$B$14),1,0))+IF(Q3="",0,IF(LOWER(TRIM(Q3))=IF($C3="Б",Ключ!$C$15,Ключ!$B$15),1,0))) | Y3: =IF($C3="","",R3+SUM(S3:X3)) | Z3: =IF($C3="","",IF(Y3>=15,"да","нет")) | AA3: =IF($C3="","",ROUND(Y3/3,1))
R4: =IF($C4="","",IF(D4="",0,IF(LOWER(TRIM(D4))=IF($C4="Б",Ключ!$C$2,Ключ!$B$2),1,0))+IF(E4="",0,IF(LOWER(TRIM(E4))=IF($C4="Б",Ключ!$C$3,Ключ!$B$3),1,0))+IF(F4="",0,IF(LOWER(TRIM(F4))=IF($C4="Б",Ключ!$C$4,Ключ!$B$4),1,0))+IF(G4="",0,IF(LOWER(TRIM(G4))=IF($C4="Б",Ключ!$C$5,Ключ!$B$5),1,0))+IF(H4="",0,IF(LOWER(TRIM(H4))=IF($C4="Б",Ключ!$C$6,Ключ!$B$6),1,0))+IF(I4="",0,IF(LOWER(TRIM(I4))=IF($C4="Б",Ключ!$C$7,Ключ!$B$7),1,0))+IF(J4="",0,IF(LOWER(TRIM(J4))=IF($C4="Б",Ключ!$C$8,Ключ!$B$8),1,0))+IF(K4="",0,IF(LOWER(TRIM(K4))=IF($C4="Б",Ключ!$C$9,Ключ!$B$9),1,0))+IF(L4="",0,IF(LOWER(TRIM(L4))=IF($C4="Б",Ключ!$C$10,Ключ!$B$10),1,0))+IF(M4="",0,IF(LOWER(TRIM(M4))=IF($C4="Б",Ключ!$C$11,Ключ!$B$11),1,0))+IF(N4="",0,IF(LOWER(TRIM(N4))=IF($C4="Б",Ключ!$C$12,Ключ!$B$12),1,0))+IF(O4="",0,IF(LOWER(TRIM(O4))=IF($C4="Б",Ключ!$C$13,Ключ!$B$13),1,0))+IF(P4="",0,IF(LOWER(TRIM(P4))=IF($C4="Б",Ключ!$C$14,Ключ!$B$14),1,0))+IF(Q4="",0,IF(LOWER(TRIM(Q4))=IF($C4="Б",Ключ!$C$15,Ключ!$B$15),1,0))) | Y4: =IF($C4="","",R4+SUM(S4:X4)) | Z4: =IF($C4="","",IF(Y4>=15,"да","нет")) | AA4: =IF($C4="","",ROUND(Y4/3,1))
R5: =IF($C5="","",IF(D5="",0,IF(LOWER(TRIM(D5))=IF($C5="Б",Ключ!$C$2,Ключ!$B$2),1,0))+IF(E5="",0,IF(LOWER(TRIM(E5))=IF($C5="Б",Ключ!$C$3,Ключ!$B$3),1,0))+IF(F5="",0,IF(LOWER(TRIM(F5))=IF($C5="Б",Ключ!$C$4,Ключ!$B$4),1,0))+IF(G5="",0,IF(LOWER(TRIM(G5))=IF($C5="Б",Ключ!$C$5,Ключ!$B$5),1,0))+IF(H5="",0,IF(LOWER(TRIM(H5))=IF($C5="Б",Ключ!$C$6,Ключ!$B$6),1,0))+IF(I5="",0,IF(LOWER(TRIM(I5))=IF($C5="Б",Ключ!$C$7,Ключ!$B$7),1,0))+IF(J5="",0,IF(LOWER(TRIM(J5))=IF($C5="Б",Ключ!$C$8,Ключ!$B$8),1,0))+IF(K5="",0,IF(LOWER(TRIM(K5))=IF($C5="Б",Ключ!$C$9,Ключ!$B$9),1,0))+IF(L5="",0,IF(LOWER(TRIM(L5))=IF($C5="Б",Ключ!$C$10,Ключ!$B$10),1,0))+IF(M5="",0,IF(LOWER(TRIM(M5))=IF($C5="Б",Ключ!$C$11,Ключ!$B$11),1,0))+IF(N5="",0,IF(LOWER(TRIM(N5))=IF($C5="Б",Ключ!$C$12,Ключ!$B$12),1,0))+IF(O5="",0,IF(LOWER(TRIM(O5))=IF($C5="Б",Ключ!$C$13,Ключ!$B$13),1,0))+IF(P5="",0,IF(LOWER(TRIM(P5))=IF($C5="Б",Ключ!$C$14,Ключ!$B$14),1,0))+IF(Q5="",0,IF(LOWER(TRIM(Q5))=IF($C5="Б",Ключ!$C$15,Ключ!$B$15),1,0))) | Y5: =IF($C5="","",R5+SUM(S5:X5)) | Z5: =IF($C5="","",IF(Y5>=15,"да","нет")) | AA5: =IF($C5="","",ROUND(Y5/3,1))
R6: =IF($C6="","",IF(D6="",0,IF(LOWER(TRIM(D6))=IF($C6="Б",Ключ!$C$2,Ключ!$B$2),1,0))+IF(E6="",0,IF(LOWER(TRIM(E6))=IF($C6="Б",Ключ!$C$3,Ключ!$B$3),1,0))+IF(F6="",0,IF(LOWER(TRIM(F6))=IF($C6="Б",Ключ!$C$4,Ключ!$B$4),1,0))+IF(G6="",0,IF(LOWER(TRIM(G6))=IF($C6="Б",Ключ!$C$5,Ключ!$B$5),1,0))+IF(H6="",0,IF(LOWER(TRIM(H6))=IF($C6="Б",Ключ!$C$6,Ключ!$B$6),1,0))+IF(I6="",0,IF(LOWER(TRIM(I6))=IF($C6="Б",Ключ!$C$7,Ключ!$B$7),1,0))+IF(J6="",0,IF(LOWER(TRIM(J6))=IF($C6="Б",Ключ!$C$8,Ключ!$B$8),1,0))+IF(K6="",0,IF(LOWER(TRIM(K6))=IF($C6="Б",Ключ!$C$9,Ключ!$B$9),1,0))+IF(L6="",0,IF(LOWER(TRIM(L6))=IF($C6="Б",Ключ!$C$10,Ключ!$B$10),1,0))+IF(M6="",0,IF(LOWER(TRIM(M6))=IF($C6="Б",Ключ!$C$11,Ключ!$B$11),1,0))+IF(N6="",0,IF(LOWER(TRIM(N6))=IF($C6="Б",Ключ!$C$12,Ключ!$B$12),1,0))+IF(O6="",0,IF(LOWER(TRIM(O6))=IF($C6="Б",Ключ!$C$13,Ключ!$B$13),1,0))+IF(P6="",0,IF(LOWER(TRIM(P6))=IF($C6="Б",Ключ!$C$14,Ключ!$B$14),1,0))+IF(Q6="",0,IF(LOWER(TRIM(Q6))=IF($C6="Б",Ключ!$C$15,Ключ!$B$15),1,0))) | Y6: =IF($C6="","",R6+SUM(S6:X6)) | Z6: =IF($C6="","",IF(Y6>=15,"да","нет")) | AA6: =IF($C6="","",ROUND(Y6/3,1))
R7: =IF($C7="","",IF(D7="",0,IF(LOWER(TRIM(D7))=IF($C7="Б",Ключ!$C$2,Ключ!$B$2),1,0))+IF(E7="",0,IF(LOWER(TRIM(E7))=IF($C7="Б",Ключ!$C$3,Ключ!$B$3),1,0))+IF(F7="",0,IF(LOWER(TRIM(F7))=IF($C7="Б",Ключ!$C$4,Ключ!$B$4),1,0))+IF(G7="",0,IF(LOWER(TRIM(G7))=IF($C7="Б",Ключ!$C$5,Ключ!$B$5),1,0))+IF(H7="",0,IF(LOWER(TRIM(H7))=IF($C7="Б",Ключ!$C$6,Ключ!$B$6),1,0))+IF(I7="",0,IF(LOWER(TRIM(I7))=IF($C7="Б",Ключ!$C$7,Ключ!$B$7),1,0))+IF(J7="",0,IF(LOWER(TRIM(J7))=IF($C7="Б",Ключ!$C$8,Ключ!$B$8),1,0))+IF(K7="",0,IF(LOWER(TRIM(K7))=IF($C7="Б",Ключ!$C$9,Ключ!$B$9),1,0))+IF(L7="",0,IF(LOWER(TRIM(L7))=IF($C7="Б",Ключ!$C$10,Ключ!$B$10),1,0))+IF(M7="",0,IF(LOWER(TRIM(M7))=IF($C7="Б",Ключ!$C$11,Ключ!$B$11),1,0))+IF(N7="",0,IF(LOWER(TRIM(N7))=IF($C7="Б",Ключ!$C$12,Ключ!$B$12),1,0))+IF(O7="",0,IF(LOWER(TRIM(O7))=IF($C7="Б",Ключ!$C$13,Ключ!$B$13),1,0))+IF(P7="",0,IF(LOWER(TRIM(P7))=IF($C7="Б",Ключ!$C$14,Ключ!$B$14),1,0))+IF(Q7="",0,IF(LOWER(TRIM(Q7))=IF($C7="Б",Ключ!$C$15,Ключ!$B$15),1,0))) | Y7: =IF($C7="","",R7+SUM(S7:X7)) | Z7: =IF($C7="","",IF(Y7>=15,"да","нет")) | AA7: =IF($C7="","",ROUND(Y7/3,1))
R8: =IF($C8="","",IF(D8="",0,IF(LOWER(TRIM(D8))=IF($C8="Б",Ключ!$C$2,Ключ!$B$2),1,0))+IF(E8="",0,IF(LOWER(TRIM(E8))=IF($C8="Б",Ключ!$C$3,Ключ!$B$3),1,0))+IF(F8="",0,IF(LOWER(TRIM(F8))=IF($C8="Б",Ключ!$C$4,Ключ!$B$4),1,0))+IF(G8="",0,IF(LOWER(TRIM(G8))=IF($C8="Б",Ключ!$C$5,Ключ!$B$5),1,0))+IF(H8="",0,IF(LOWER(TRIM(H8))=IF($C8="Б",Ключ!$C$6,Ключ!$B$6),1,0))+IF(I8="",0,IF(LOWER(TRIM(I8))=IF($C8="Б",Ключ!$C$7,Ключ!$B$7),1,0))+IF(J8="",0,IF(LOWER(TRIM(J8))=IF($C8="Б",Ключ!$C$8,Ключ!$B$8),1,0))+IF(K8="",0,IF(LOWER(TRIM(K8))=IF($C8="Б",Ключ!$C$9,Ключ!$B$9),1,0))+IF(L8="",0,IF(LOWER(TRIM(L8))=IF($C8="Б",Ключ!$C$10,Ключ!$B$10),1,0))+IF(M8="",0,IF(LOWER(TRIM(M8))=IF($C8="Б",Ключ!$C$11,Ключ!$B$11),1,0))+IF(N8="",0,IF(LOWER(TRIM(N8))=IF($C8="Б",Ключ!$C$12,Ключ!$B$12),1,0))+IF(O8="",0,IF(LOWER(TRIM(O8))=IF($C8="Б",Ключ!$C$13,Ключ!$B$13),1,0))+IF(P8="",0,IF(LOWER(TRIM(P8))=IF($C8="Б",Ключ!$C$14,Ключ!$B$14),1,0))+IF(Q8="",0,IF(LOWER(TRIM(Q8))=IF($C8="Б",Ключ!$C$15,Ключ!$B$15),1,0))) | Y8: =IF($C8="","",R8+SUM(S8:X8)) | Z8: =IF($C8="","",IF(Y8>=15,"да","нет")) | AA8: =IF($C8="","",ROUND(Y8/3,1))
R9: =IF($C9="","",IF(D9="",0,IF(LOWER(TRIM(D9))=IF($C9="Б",Ключ!$C$2,Ключ!$B$2),1,0))+IF(E9="",0,IF(LOWER(TRIM(E9))=IF($C9="Б",Ключ!$C$3,Ключ!$B$3),1,0))+IF(F9="",0,IF(LOWER(TRIM(F9))=IF($C9="Б",Ключ!$C$4,Ключ!$B$4),1,0))+IF(G9="",0,IF(LOWER(TRIM(G9))=IF($C9="Б",Ключ!$C$5,Ключ!$B$5),1,0))+IF(H9="",0,IF(LOWER(TRIM(H9))=IF($C9="Б",Ключ!$C$6,Ключ!$B$6),1,0))+IF(I9="",0,IF(LOWER(TRIM(I9))=IF($C9="Б",Ключ!$C$7,Ключ!$B$7),1,0))+IF(J9="",0,IF(LOWER(TRIM(J9))=IF($C9="Б",Ключ!$C$8,Ключ!$B$8),1,0))+IF(K9="",0,IF(LOWER(TRIM(K9))=IF($C9="Б",Ключ!$C$9,Ключ!$B$9),1,0))+IF(L9="",0,IF(LOWER(TRIM(L9))=IF($C9="Б",Ключ!$C$10,Ключ!$B$10),1,0))+IF(M9="",0,IF(LOWER(TRIM(M9))=IF($C9="Б",Ключ!$C$11,Ключ!$B$11),1,0))+IF(N9="",0,IF(LOWER(TRIM(N9))=IF($C9="Б",Ключ!$C$12,Ключ!$B$12),1,0))+IF(O9="",0,IF(LOWER(TRIM(O9))=IF($C9="Б",Ключ!$C$13,Ключ!$B$13),1,0))+IF(P9="",0,IF(LOWER(TRIM(P9))=IF($C9="Б",Ключ!$C$14,Ключ!$B$14),1,0))+IF(Q9="",0,IF(LOWER(TRIM(Q9))=IF($C9="Б",Ключ!$C$15,Ключ!$B$15),1,0))) | Y9: =IF($C9="","",R9+SUM(S9:X9)) | Z9: =IF($C9="","",IF(Y9>=15,"да","нет")) | AA9: =IF($C9="","",ROUND(Y9/3,1))
R10: =IF($C10="","",IF(D10="",0,IF(LOWER(TRIM(D10))=IF($C10="Б",Ключ!$C$2,Ключ!$B$2),1,0))+IF(E10="",0,IF(LOWER(TRIM(E10))=IF($C10="Б",Ключ!$C$3,Ключ!$B$3),1,0))+IF(F10="",0,IF(LOWER(TRIM(F10))=IF($C10="Б",Ключ!$C$4,Ключ!$B$4),1,0))+IF(G10="",0,IF(LOWER(TRIM(G10))=IF($C10="Б",Ключ!$C$5,Ключ!$B$5),1,0))+IF(H10="",0,IF(LOWER(TRIM(H10))=IF($C10="Б",Ключ!$C$6,Ключ!$B$6),1,0))+IF(I10="",0,IF(LOWER(TRIM(I10))=IF($C10="Б",Ключ!$C$7,Ключ!$B$7),1,0))+IF(J10="",0,IF(LOWER(TRIM(J10))=IF($C10="Б",Ключ!$C$8,Ключ!$B$8),1,0))+IF(K10="",0,IF(LOWER(TRIM(K10))=IF($C10="Б",Ключ!$C$9,Ключ!$B$9),1,0))+IF(L10="",0,IF(LOWER(TRIM(L10))=IF($C10="Б",Ключ!$C$10,Ключ!$B$10),1,0))+IF(M10="",0,IF(LOWER(TRIM(M10))=IF($C10="Б",Ключ!$C$11,Ключ!$B$11),1,0))+IF(N10="",0,IF(LOWER(TRIM(N10))=IF($C10="Б",Ключ!$C$12,Ключ!$B$12),1,0))+IF(O10="",0,IF(LOWER(TRIM(O10))=IF($C10="Б",Ключ!$C$13,Ключ!$B$13),1,0))+IF(P10="",0,IF(LOWER(TRIM(P10))=IF($C10="Б",Ключ!$C$14,Ключ!$B$14),1,0))+IF(Q10="",0,IF(LOWER(TRIM(Q10))=IF($C10="Б",Ключ!$C$15,Ключ!$B$15),1,0))) | Y10: =IF($C10="","",R10+SUM(S10:X10)) | Z10: =IF($C10="","",IF(Y10>=15,"да","нет")) | AA10: =IF($C10="","",ROUND(Y10/3,1))
R11: =IF($C11="","",IF(D11="",0,IF(LOWER(TRIM(D11))=IF($C11="Б",Ключ!$C$2,Ключ!$B$2),1,0))+IF(E11="",0,IF(LOWER(TRIM(E11))=IF($C11="Б",Ключ!$C$3,Ключ!$B$3),1,0))+IF(F11="",0,IF(LOWER(TRIM(F11))=IF($C11="Б",Ключ!$C$4,Ключ!$B$4),1,0))+IF(G11="",0,IF(LOWER(TRIM(G11))=IF($C11="Б",Ключ!$C$5,Ключ!$B$5),1,0))+IF(H11="",0,IF(LOWER(TRIM(H11))=IF($C11="Б",Ключ!$C$6,Ключ!$B$6),1,0))+IF(I11="",0,IF(LOWER(TRIM(I11))=IF($C11="Б",Ключ!$C$7,Ключ!$B$7),1,0))+IF(J11="",0,IF(LOWER(TRIM(J11))=IF($C11="Б",Ключ!$C$8,Ключ!$B$8),1,0))+IF(K11="",0,IF(LOWER(TRIM(K11))=IF($C11="Б",Ключ!$C$9,Ключ!$B$9),1,0))+IF(L11="",0,IF(LOWER(TRIM(L11))=IF($C11="Б",Ключ!$C$10,Ключ!$B$10),1,0))+IF(M11="",0,IF(LOWER(TRIM(M11))=IF($C11="Б",Ключ!$C$11,Ключ!$B$11),1,0))+IF(N11="",0,IF(LOWER(TRIM(N11))=IF($C11="Б",Ключ!$C$12,Ключ!$B$12),1,0))+IF(O11="",0,IF(LOWER(TRIM(O11))=IF($C11="Б",Ключ!$C$13,Ключ!$B$13),1,0))+IF(P11="",0,IF(LOWER(TRIM(P11))=IF($C11="Б",Ключ!$C$14,Ключ!$B$14),1,0))+IF(Q11="",0,IF(LOWER(TRIM(Q11))=IF($C11="Б",Ключ!$C$15,Ключ!$B$15),1,0))) | Y11: =IF($C11="","",R11+SUM(S11:X11)) | Z11: =IF($C11="","",IF(Y11>=15,"да","нет")) | AA11: =IF($C11="","",ROUND(Y11/3,1))
R12: =IF($C12="","",IF(D12="",0,IF(LOWER(TRIM(D12))=IF($C12="Б",Ключ!$C$2,Ключ!$B$2),1,0))+IF(E12="",0,IF(LOWER(TRIM(E12))=IF($C12="Б",Ключ!$C$3,Ключ!$B$3),1,0))+IF(F12="",0,IF(LOWER(TRIM(F12))=IF($C12="Б",Ключ!$C$4,Ключ!$B$4),1,0))+IF(G12="",0,IF(LOWER(TRIM(G12))=IF($C12="Б",Ключ!$C$5,Ключ!$B$5),1,0))+IF(H12="",0,IF(LOWER(TRIM(H12))=IF($C12="Б",Ключ!$C$6,Ключ!$B$6),1,0))+IF(I12="",0,IF(LOWER(TRIM(I12))=IF($C12="Б",Ключ!$C$7,Ключ!$B$7),1,0))+IF(J12="",0,IF(LOWER(TRIM(J12))=IF($C12="Б",Ключ!$C$8,Ключ!$B$8),1,0))+IF(K12="",0,IF(LOWER(TRIM(K12))=IF($C12="Б",Ключ!$C$9,Ключ!$B$9),1,0))+IF(L12="",0,IF(LOWER(TRIM(L12))=IF($C12="Б",Ключ!$C$10,Ключ!$B$10),1,0))+IF(M12="",0,IF(LOWER(TRIM(M12))=IF($C12="Б",Ключ!$C$11,Ключ!$B$11),1,0))+IF(N12="",0,IF(LOWER(TRIM(N12))=IF($C12="Б",Ключ!$C$12,Ключ!$B$12),1,0))+IF(O12="",0,IF(LOWER(TRIM(O12))=IF($C12="Б",Ключ!$C$13,Ключ!$B$13),1,0))+IF(P12="",0,IF(LOWER(TRIM(P12))=IF($C12="Б",Ключ!$C$14,Ключ!$B$14),1,0))+IF(Q12="",0,IF(LOWER(TRIM(Q12))=IF($C12="Б",Ключ!$C$15,Ключ!$B$15),1,0))) | Y12: =IF($C12="","",R12+SUM(S12:X12)) | Z12: =IF($C12="","",IF(Y12>=15,"да","нет")) | AA12: =IF($C12="","",ROUND(Y12/3,1))
R13: =IF($C13="","",IF(D13="",0,IF(LOWER(TRIM(D13))=IF($C13="Б",Ключ!$C$2,Ключ!$B$2),1,0))+IF(E13="",0,IF(LOWER(TRIM(E13))=IF($C13="Б",Ключ!$C$3,Ключ!$B$3),1,0))+IF(F13="",0,IF(LOWER(TRIM(F13))=IF($C13="Б",Ключ!$C$4,Ключ!$B$4),1,0))+IF(G13="",0,IF(LOWER(TRIM(G13))=IF($C13="Б",Ключ!$C$5,Ключ!$B$5),1,0))+IF(H13="",0,IF(LOWER(TRIM(H13))=IF($C13="Б",Ключ!$C$6,Ключ!$B$6),1,0))+IF(I13="",0,IF(LOWER(TRIM(I13))=IF($C13="Б",Ключ!$C$7,Ключ!$B$7),1,0))+IF(J13="",0,IF(LOWER(TRIM(J13))=IF($C13="Б",Ключ!$C$8,Ключ!$B$8),1,0))+IF(K13="",0,IF(LOWER(TRIM(K13))=IF($C13="Б",Ключ!$C$9,Ключ!$B$9),1,0))+IF(L13="",0,IF(LOWER(TRIM(L13))=IF($C13="Б",Ключ!$C$10,Ключ!$B$10),1,0))+IF(M13="",0,IF(LOWER(TRIM(M13))=IF($C13="Б",Ключ!$C$11,Ключ!$B$11),1,0))+IF(N13="",0,IF(LOWER(TRIM(N13))=IF($C13="Б",Ключ!$C$12,Ключ!$B$12),1,0))+IF(O13="",0,IF(LOWER(TRIM(O13))=IF($C13="Б",Ключ!$C$13,Ключ!$B$13),1,0))+IF(P13="",0,IF(LOWER(TRIM(P13))=IF($C13="Б",Ключ!$C$14,Ключ!$B$14),1,0))+IF(Q13="",0,IF(LOWER(TRIM(Q13))=IF($C13="Б",Ключ!$C$15,Ключ!$B$15),1,0))) | Y13: =IF($C13="","",R13+SUM(S13:X13)) | Z13: =IF($C13="","",IF(Y13>=15,"да","нет")) | AA13: =IF($C13="","",ROUND(Y13/3,1))
R14: =IF($C14="","",IF(D14="",0,IF(LOWER(TRIM(D14))=IF($C14="Б",Ключ!$C$2,Ключ!$B$2),1,0))+IF(E14="",0,IF(LOWER(TRIM(E14))=IF($C14="Б",Ключ!$C$3,Ключ!$B$3),1,0))+IF(F14="",0,IF(LOWER(TRIM(F14))=IF($C14="Б",Ключ!$C$4,Ключ!$B$4),1,0))+IF(G14="",0,IF(LOWER(TRIM(G14))=IF($C14="Б",Ключ!$C$5,Ключ!$B$5),1,0))+IF(H14="",0,IF(LOWER(TRIM(H14))=IF($C14="Б",Ключ!$C$6,Ключ!$B$6),1,0))+IF(I14="",0,IF(LOWER(TRIM(I14))=IF($C14="Б",Ключ!$C$7,Ключ!$B$7),1,0))+IF(J14="",0,IF(LOWER(TRIM(J14))=IF($C14="Б",Ключ!$C$8,Ключ!$B$8),1,0))+IF(K14="",0,IF(LOWER(TRIM(K14))=IF($C14="Б",Ключ!$C$9,Ключ!$B$9),1,0))+IF(L14="",0,IF(LOWER(TRIM(L14))=IF($C14="Б",Ключ!$C$10,Ключ!$B$10),1,0))+IF(M14="",0,IF(LOWER(TRIM(M14))=IF($C14="Б",Ключ!$C$11,Ключ!$B$11),1,0))+IF(N14="",0,IF(LOWER(TRIM(N14))=IF($C14="Б",Ключ!$C$12,Ключ!$B$12),1,0))+IF(O14="",0,IF(LOWER(TRIM(O14))=IF($C14="Б",Ключ!$C$13,Ключ!$B$13),1,0))+IF(P14="",0,IF(LOWER(TRIM(P14))=IF($C14="Б",Ключ!$C$14,Ключ!$B$14),1,0))+IF(Q14="",0,IF(LOWER(TRIM(Q14))=IF($C14="Б",Ключ!$C$15,Ключ!$B$15),1,0))) | Y14: =IF($C14="","",R14+SUM(S14:X14)) | Z14: =IF($C14="","",IF(Y14>=15,"да","нет")) | AA14: =IF($C14="","",ROUND(Y14/3,1))
... R42: =IF($C42="","",IF(D42="",0,IF(LOWER(TRIM(D42))=IF($C42="Б",Ключ!$C$2,Ключ!$B$2),1,0))+IF(E42="",0,IF(LOWER(TRIM(E42))=IF($C42="Б",Ключ!$C$3,Ключ!$B$3),1,0))+IF(F42="",0,IF(LOWER(TRIM(F42))=IF($C42="Б",Ключ!$C$4,Ключ!$B$4),1,0))+IF(G42="",0,IF(LOWER(TRIM(G42))=IF($C42="Б",Ключ!$C$5,Ключ!$B$5),1,0))+IF(H42="",0,IF(LOWER(TRIM(H42))=IF($C42="Б",Ключ!$C$6,Ключ!$B$6),1,0))+IF(I42="",0,IF(LOWER(TRIM(I42))=IF($C42="Б",Ключ!$C$7,Ключ!$B$7),1,0))+IF(J42="",0,IF(LOWER(TRIM(J42))=IF($C42="Б",Ключ!$C$8,Ключ!$B$8),1,0))+IF(K42="",0,IF(LOWER(TRIM(K42))=IF($C42="Б",Ключ!$C$9,Ключ!$B$9),1,0))+IF(L42="",0,IF(LOWER(TRIM(L42))=IF($C42="Б",Ключ!$C$10,Ключ!$B$10),1,0))+IF(M42="",0,IF(LOWER(TRIM(M42))=IF($C42="Б",Ключ!$C$11,Ключ!$B$11),1,0))+IF(N42="",0,IF(LOWER(TRIM(N42))=IF($C42="Б",Ключ!$C$12,Ключ!$B$12),1,0))+IF(O42="",0,IF(LOWER(TRIM(O42))=IF($C42="Б",Ключ!$C$13,Ключ!$B$13),1,0))+IF(P42="",0,IF(LOWER(TRIM(P42))=IF($C42="Б",Ключ!$C$14,Ключ!$B$14),1,0))+IF(Q42="",0,IF(LOWER(TRIM(Q42))=IF($C42="Б",Ключ!$C$15,Ключ!$B$15),1,0))) | Y42: =IF($C42="","",R42+SUM(S42:X42)) | Z42: =IF($C42="","",IF(Y42>=15,"да","нет")) | AA42: =IF($C42="","",ROUND(Y42/3,1))
A44: Доля верных ответов по вопросу (для разбора на следующей паре)
D45: =IFERROR((SUMPRODUCT(($C$3:$C$42="А")*(LOWER(TRIM(D3:D42))=Ключ!$B$2))+SUMPRODUCT(($C$3:$C$42="Б")*(LOWER(TRIM(D3:D42))=Ключ!$C$2)))/COUNTA($C$3:$C$42),"") | E45: =IFERROR((SUMPRODUCT(($C$3:$C$42="А")*(LOWER(TRIM(E3:E42))=Ключ!$B$3))+SUMPRODUCT(($C$3:$C$42="Б")*(LOWER(TRIM(E3:E42))=Ключ!$C$3)))/COUNTA($C$3:$C$42),"") | F45: =IFERROR((SUMPRODUCT(($C$3:$C$42="А")*(LOWER(TRIM(F3:F42))=Ключ!$B$4))+SUMPRODUCT(($C$3:$C$42="Б")*(LOWER(TRIM(F3:F42))=Ключ!$C$4)))/COUNTA($C$3:$C$42),"") | G45: =IFERROR((SUMPRODUCT(($C$3:$C$42="А")*(LOWER(TRIM(G3:G42))=Ключ!$B$5))+SUMPRODUCT(($C$3:$C$42="Б")*(LOWER(TRIM(G3:G42))=Ключ!$C$5)))/COUNTA($C$3:$C$42),"") | H45: =IFERROR((SUMPRODUCT(($C$3:$C$42="А")*(LOWER(TRIM(H3:H42))=Ключ!$B$6))+SUMPRODUCT(($C$3:$C$42="Б")*(LOWER(TRIM(H3:H42))=Ключ!$C$6)))/COUNTA($C$3:$C$42),"") | I45: =IFERROR((SUMPRODUCT(($C$3:$C$42="А")*(LOWER(TRIM(I3:I42))=Ключ!$B$7))+SUMPRODUCT(($C$3:$C$42="Б")*(LOWER(TRIM(I3:I42))=Ключ!$C$7)))/COUNTA($C$3:$C$42),"") | J45: =IFERROR((SUMPRODUCT(($C$3:$C$42="А")*(LOWER(TRIM(J3:J42))=Ключ!$B$8))+SUMPRODUCT(($C$3:$C$42="Б")*(LOWER(TRIM(J3:J42))=Ключ!$C$8)))/COUNTA($C$3:$C$42),"") | K45: =IFERROR((SUMPRODUCT(($C$3:$C$42="А")*(LOWER(TRIM(K3:K42))=Ключ!$B$9))+SUMPRODUCT(($C$3:$C$42="Б")*(LOWER(TRIM(K3:K42))=Ключ!$C$9)))/COUNTA($C$3:$C$42),"") | L45: =IFERROR((SUMPRODUCT(($C$3:$C$42="А")*(LOWER(TRIM(L3:L42))=Ключ!$B$10))+SUMPRODUCT(($C$3:$C$42="Б")*(LOWER(TRIM(L3:L42))=Ключ!$C$10)))/COUNTA($C$3:$C$42),"") | M45: =IFERROR((SUMPRODUCT(($C$3:$C$42="А")*(LOWER(TRIM(M3:M42))=Ключ!$B$11))+SUMPRODUCT(($C$3:$C$42="Б")*(LOWER(TRIM(M3:M42))=Ключ!$C$11)))/COUNTA($C$3:$C$42),"") | N45: =IFERROR((SUMPRODUCT(($C$3:$C$42="А")*(LOWER(TRIM(N3:N42))=Ключ!$B$12))+SUMPRODUCT(($C$3:$C$42="Б")*(LOWER(TRIM(N3:N42))=Ключ!$C$12)))/COUNTA($C$3:$C$42),"") | O45: =IFERROR((SUMPRODUCT(($C$3:$C$42="А")*(LOWER(TRIM(O3:O42))=Ключ!$B$13))+SUMPRODUCT(($C$3:$C$42="Б")*(LOWER(TRIM(O3:O42))=Ключ!$C$13)))/COUNTA($C$3:$C$42),"") | P45: =IFERROR((SUMPRODUCT(($C$3:$C$42="А")*(LOWER(TRIM(P3:P42))=Ключ!$B$14))+SUMPRODUCT(($C$3:$C$42="Б")*(LOWER(TRIM(P3:P42))=Ключ!$C$14)))/COUNTA($C$3:$C$42),"") | Q45: =IFERROR((SUMPRODUCT(($C$3:$C$42="А")*(LOWER(TRIM(Q3:Q42))=Ключ!$B$15))+SUMPRODUCT(($C$3:$C$42="Б")*(LOWER(TRIM(Q3:Q42))=Ключ!$C$15)))/COUNTA($C$3:$C$42),"") | S45: =IFERROR(AVERAGE(S3:S42),"") | T45: =IFERROR(AVERAGE(T3:T42),"") | U45: =IFERROR(AVERAGE(U3:U42),"") | V45: =IFERROR(AVERAGE(V3:V42),"") | W45: =IFERROR(AVERAGE(W3:W42),"") | X45: =IFERROR(AVERAGE(X3:X42),"")
S46: ← средний балл

Sheet Ключ
A1: Вопрос | B1: Вариант А | C1: Вариант Б
A2: 1 | B2: б | C2: а
A3: 2 | B3: а | C3: а
A4: 3 | B4: в | C4: г
A5: 4 | B5: г | C5: г
A6: 5 | B6: а | C6: г
A7: 6 | B7: в | C7: б
A8: 7 | B8: б | C8: б
A9: 8 | B9: г | C9: а
A10: 9 | B10: а | C10: в
A11: 10 | B11: б | C11: в
A12: 11 | B12: в | C12: г
A13: 12 | B13: г | C13: в
... A15: 14 | B15: а | C15: в
A17: 15 SMART | B17: T, M, A, R, S | C17: S, A, T, R, M
A18: 16 источники | B18: а, б, г, д | C18: а, в, г, е
A19: 17 порядок | B19: 3, 2, 5, 1, 4 | C19: 4, 1, 3, 5, 2
