Workbook

Sheet Как заполнять
B1: Иерархическая структура работ (WBS) — таблица
B2: Таблица повторяет оборот бланка WBS. Можно работать на бумаге, можно здесь — на следующую пару принесите лист или откройте файл: из пакетов будем строить диаграмму Ганта.
B4: Как заполнять
B5: 1. Лист «Команда»: впишите участников и их роли. В списке — четыре роли с первого занятия; если команда придумала свои роли, впишите их вручную.
B6: 2. Лист «WBS», строка «Проект»: название и главный результат из паспорта.
B7: 3. Крупные результаты — коды 1, 2, 3… Возьмите выбранные ветви дерева целей. Добавьте «Отчёт и защита» и «Управление проектом»: эту работу всё равно придётся сделать.
B8: 4. Пакеты работ — коды 1.1, 1.2, 2.1… Каждый пакет пишите строкой сразу под своим результатом. Называйте существительным: «протокол испытаний», а не «испытать».
B9: 5. Для каждого пакета: что предъявляем, один ответственный (из списка), длительность и единица — недель или дней.
B10: 6. Уровень, тип и столбец «Проверка» заполняются сами. Красное — что ещё поправить, зелёная галочка — готово.
B11: 7. «Зависит от» оставьте пустым — заполним на следующей паре.
B13: Проверьте себя
B14: 1. Все выбранные ветви дерева целей есть в WBS, а того, что записано в границах, нет?
... B23: Образец — на листе «Пример — умный горшок».

Sheet Команда
A1: Команда и нагрузка
A2: Впишите участников. Их имена появятся в выпадающем списке «Ответственный» на листе WBS. Справа видно, сколько пакетов и недель работы досталось каждому.
A4: Участник (имя и фамилия) | B4: Роль в команде: из списка или своя | C4: Пакетов | D4: Недель работы
C5: =IF(A5="","",COUNTIF(WBS!$F$7:$F$66,A5)) | D5: =IF(A5="","",ROUND(SUMIF(WBS!$F$7:$F$66,A5,WBS!$K$7:$K$66),1))
C6: =IF(A6="","",COUNTIF(WBS!$F$7:$F$66,A6)) | D6: =IF(A6="","",ROUND(SUMIF(WBS!$F$7:$F$66,A6,WBS!$K$7:$K$66),1))
C7: =IF(A7="","",COUNTIF(WBS!$F$7:$F$66,A7)) | D7: =IF(A7="","",ROUND(SUMIF(WBS!$F$7:$F$66,A7,WBS!$K$7:$K$66),1))
C8: =IF(A8="","",COUNTIF(WBS!$F$7:$F$66,A8)) | D8: =IF(A8="","",ROUND(SUMIF(WBS!$F$7:$F$66,A8,WBS!$K$7:$K$66),1))
C9: =IF(A9="","",COUNTIF(WBS!$F$7:$F$66,A9)) | D9: =IF(A9="","",ROUND(SUMIF(WBS!$F$7:$F$66,A9,WBS!$K$7:$K$66),1))
C10: =IF(A10="","",COUNTIF(WBS!$F$7:$F$66,A10)) | D10: =IF(A10="","",ROUND(SUMIF(WBS!$F$7:$F$66,A10,WBS!$K$7:$K$66),1))
A12: Если у одного человека намного больше недель, чем у других, перераспределите пакеты сейчас, до диаграммы Ганта.

Sheet WBS
A1: WBS проекта
A2: Проект:
A3: Результатов | C3: Пакетов работ | D3: Замечаний | E3: «Отчёт и защита» | F3: «Управление проектом» | G3: Сумма, недель | I3: Сумма — если делать всё по очереди. Реальный срок покажет диаграмма Ганта.
A4: =COUNTIFS($B$7:$B$66,1) | C4: =COUNTIF($D$7:$D$66,"пакет работ") | D4: =COUNTIF($J$7:$J$66,"?*")-COUNTIF($J$7:$J$66,"✓") | E4: =IF(COUNTIFS($B$7:$B$66,1,$C$7:$C$66,"*отч*")>0,"✓ есть","добавьте") | F4: =IF(COUNTIFS($B$7:$B$66,1,$C$7:$C$66,"*управл*")>0,"✓ есть","добавьте") | G4: =ROUND(SUM($K$7:$K$66),1)
A6: Код | B6: Уровень | C6: Элемент WBS: результат или пакет работ (существительным) | D6: Тип | E6: Что предъявляем: предмет, документ, данные | F6: Ответственный (один) | G6: Длительность | H6: Ед. | I6: Зависит от (коды) — на следующей паре | J6: Проверка | K6: недель
B7: =IF(A7="","",LEN(A7)-LEN(SUBSTITUTE(A7,".",""))+1) | D7: =IF(A7="","",IF(OR(B7=1,COUNTIF($A$7:$A$66,A7&".*")>0),"результат","пакет работ")) | J7: =IF(A7="","",IF(COUNTIF($A$7:$A$66,A7)>1,"код повторяется",IF(C7="","нет названия",IF(D7="результат",IF(COUNTIF($A$7:$A$66,A7&".*")=0,"разложите на пакеты работ","✓"),IF(E7="","впишите, что предъявляем",IF(F7="","нужен один ответственный",IF(OR(ISNUMBER(SEARCH(",",F7)),ISNUMBER(SEARCH(" и ",F7)),LOWER(F7)="все"),"ответственный — один человек",IF(G7="","оцените длительность","✓")))))))) | K7: =IF(AND(D7="пакет работ",ISNUMBER(G7)),G7*IF(LEFT(LOWER(H7),1)="д",1/7,1),0)
B8: =IF(A8="","",LEN(A8)-LEN(SUBSTITUTE(A8,".",""))+1) | D8: =IF(A8="","",IF(OR(B8=1,COUNTIF($A$7:$A$66,A8&".*")>0),"результат","пакет работ")) | J8: =IF(A8="","",IF(COUNTIF($A$7:$A$66,A8)>1,"код повторяется",IF(C8="","нет названия",IF(D8="результат",IF(COUNTIF($A$7:$A$66,A8&".*")=0,"разложите на пакеты работ","✓"),IF(E8="","впишите, что предъявляем",IF(F8="","нужен один ответственный",IF(OR(ISNUMBER(SEARCH(",",F8)),ISNUMBER(SEARCH(" и ",F8)),LOWER(F8)="все"),"ответственный — один человек",IF(G8="","оцените длительность","✓")))))))) | K8: =IF(AND(D8="пакет работ",ISNUMBER(G8)),G8*IF(LEFT(LOWER(H8),1)="д",1/7,1),0)
B9: =IF(A9="","",LEN(A9)-LEN(SUBSTITUTE(A9,".",""))+1) | D9: =IF(A9="","",IF(OR(B9=1,COUNTIF($A$7:$A$66,A9&".*")>0),"результат","пакет работ")) | J9: =IF(A9="","",IF(COUNTIF($A$7:$A$66,A9)>1,"код повторяется",IF(C9="","нет названия",IF(D9="результат",IF(COUNTIF($A$7:$A$66,A9&".*")=0,"разложите на пакеты работ","✓"),IF(E9="","впишите, что предъявляем",IF(F9="","нужен один ответственный",IF(OR(ISNUMBER(SEARCH(",",F9)),ISNUMBER(SEARCH(" и ",F9)),LOWER(F9)="все"),"ответственный — один человек",IF(G9="","оцените длительность","✓")))))))) | K9: =IF(AND(D9="пакет работ",ISNUMBER(G9)),G9*IF(LEFT(LOWER(H9),1)="д",1/7,1),0)
B10: =IF(A10="","",LEN(A10)-LEN(SUBSTITUTE(A10,".",""))+1) | D10: =IF(A10="","",IF(OR(B10=1,COUNTIF($A$7:$A$66,A10&".*")>0),"результат","пакет работ")) | J10: =IF(A10="","",IF(COUNTIF($A$7:$A$66,A10)>1,"код повторяется",IF(C10="","нет названия",IF(D10="результат",IF(COUNTIF($A$7:$A$66,A10&".*")=0,"разложите на пакеты работ","✓"),IF(E10="","впишите, что предъявляем",IF(F10="","нужен один ответственный",IF(OR(ISNUMBER(SEARCH(",",F10)),ISNUMBER(SEARCH(" и ",F10)),LOWER(F10)="все"),"ответственный — один человек",IF(G10="","оцените длительность","✓")))))))) | K10: =IF(AND(D10="пакет работ",ISNUMBER(G10)),G10*IF(LEFT(LOWER(H10),1)="д",1/7,1),0)
B11: =IF(A11="","",LEN(A11)-LEN(SUBSTITUTE(A11,".",""))+1) | D11: =IF(A11="","",IF(OR(B11=1,COUNTIF($A$7:$A$66,A11&".*")>0),"результат","пакет работ")) | J11: =IF(A11="","",IF(COUNTIF($A$7:$A$66,A11)>1,"код повторяется",IF(C11="","нет названия",IF(D11="результат",IF(COUNTIF($A$7:$A$66,A11&".*")=0,"разложите на пакеты работ","✓"),IF(E11="","впишите, что предъявляем",IF(F11="","нужен один ответственный",IF(OR(ISNUMBER(SEARCH(",",F11)),ISNUMBER(SEARCH(" и ",F11)),LOWER(F11)="все"),"ответственный — один человек",IF(G11="","оцените длительность","✓")))))))) | K11: =IF(AND(D11="пакет работ",ISNUMBER(G11)),G11*IF(LEFT(LOWER(H11),1)="д",1/7,1),0)
B12: =IF(A12="","",LEN(A12)-LEN(SUBSTITUTE(A12,".",""))+1) | D12: =IF(A12="","",IF(OR(B12=1,COUNTIF($A$7:$A$66,A12&".*")>0),"результат","пакет работ")) | J12: =IF(A12="","",IF(COUNTIF($A$7:$A$66,A12)>1,"код повторяется",IF(C12="","нет названия",IF(D12="результат",IF(COUNTIF($A$7:$A$66,A12&".*")=0,"разложите на пакеты работ","✓"),IF(E12="","впишите, что предъявляем",IF(F12="","нужен один ответственный",IF(OR(ISNUMBER(SEARCH(",",F12)),ISNUMBER(SEARCH(" и ",F12)),LOWER(F12)="все"),"ответственный — один человек",IF(G12="","оцените длительность","✓")))))))) | K12: =IF(AND(D12="пакет работ",ISNUMBER(G12)),G12*IF(LEFT(LOWER(H12),1)="д",1/7,1),0)
B13: =IF(A13="","",LEN(A13)-LEN(SUBSTITUTE(A13,".",""))+1) | D13: =IF(A13="","",IF(OR(B13=1,COUNTIF($A$7:$A$66,A13&".*")>0),"результат","пакет работ")) | J13: =IF(A13="","",IF(COUNTIF($A$7:$A$66,A13)>1,"код повторяется",IF(C13="","нет названия",IF(D13="результат",IF(COUNTIF($A$7:$A$66,A13&".*")=0,"разложите на пакеты работ","✓"),IF(E13="","впишите, что предъявляем",IF(F13="","нужен один ответственный",IF(OR(ISNUMBER(SEARCH(",",F13)),ISNUMBER(SEARCH(" и ",F13)),LOWER(F13)="все"),"ответственный — один человек",IF(G13="","оцените длительность","✓")))))))) | K13: =IF(AND(D13="пакет работ",ISNUMBER(G13)),G13*IF(LEFT(LOWER(H13),1)="д",1/7,1),0)
B14: =IF(A14="","",LEN(A14)-LEN(SUBSTITUTE(A14,".",""))+1) | D14: =IF(A14="","",IF(OR(B14=1,COUNTIF($A$7:$A$66,A14&".*")>0),"результат","пакет работ")) | J14: =IF(A14="","",IF(COUNTIF($A$7:$A$66,A14)>1,"код повторяется",IF(C14="","нет названия",IF(D14="результат",IF(COUNTIF($A$7:$A$66,A14&".*")=0,"разложите на пакеты работ","✓"),IF(E14="","впишите, что предъявляем",IF(F14="","нужен один ответственный",IF(OR(ISNUMBER(SEARCH(",",F14)),ISNUMBER(SEARCH(" и ",F14)),LOWER(F14)="все"),"ответственный — один человек",IF(G14="","оцените длительность","✓")))))))) | K14: =IF(AND(D14="пакет работ",ISNUMBER(G14)),G14*IF(LEFT(LOWER(H14),1)="д",1/7,1),0)
B15: =IF(A15="","",LEN(A15)-LEN(SUBSTITUTE(A15,".",""))+1) | D15: =IF(A15="","",IF(OR(B15=1,COUNTIF($A$7:$A$66,A15&".*")>0),"результат","пакет работ")) | J15: =IF(A15="","",IF(COUNTIF($A$7:$A$66,A15)>1,"код повторяется",IF(C15="","нет названия",IF(D15="результат",IF(COUNTIF($A$7:$A$66,A15&".*")=0,"разложите на пакеты работ","✓"),IF(E15="","впишите, что предъявляем",IF(F15="","нужен один ответственный",IF(OR(ISNUMBER(SEARCH(",",F15)),ISNUMBER(SEARCH(" и ",F15)),LOWER(F15)="все"),"ответственный — один человек",IF(G15="","оцените длительность","✓")))))))) | K15: =IF(AND(D15="пакет работ",ISNUMBER(G15)),G15*IF(LEFT(LOWER(H15),1)="д",1/7,1),0)
B16: =IF(A16="","",LEN(A16)-LEN(SUBSTITUTE(A16,".",""))+1) | D16: =IF(A16="","",IF(OR(B16=1,COUNTIF($A$7:$A$66,A16&".*")>0),"результат","пакет работ")) | J16: =IF(A16="","",IF(COUNTIF($A$7:$A$66,A16)>1,"код повторяется",IF(C16="","нет названия",IF(D16="результат",IF(COUNTIF($A$7:$A$66,A16&".*")=0,"разложите на пакеты работ","✓"),IF(E16="","впишите, что предъявляем",IF(F16="","нужен один ответственный",IF(OR(ISNUMBER(SEARCH(",",F16)),ISNUMBER(SEARCH(" и ",F16)),LOWER(F16)="все"),"ответственный — один человек",IF(G16="","оцените длительность","✓")))))))) | K16: =IF(AND(D16="пакет работ",ISNUMBER(G16)),G16*IF(LEFT(LOWER(H16),1)="д",1/7,1),0)
B17: =IF(A17="","",LEN(A17)-LEN(SUBSTITUTE(A17,".",""))+1) | D17: =IF(A17="","",IF(OR(B17=1,COUNTIF($A$7:$A$66,A17&".*")>0),"результат","пакет работ")) | J17: =IF(A17="","",IF(COUNTIF($A$7:$A$66,A17)>1,"код повторяется",IF(C17="","нет названия",IF(D17="результат",IF(COUNTIF($A$7:$A$66,A17&".*")=0,"разложите на пакеты работ","✓"),IF(E17="","впишите, что предъявляем",IF(F17="","нужен один ответственный",IF(OR(ISNUMBER(SEARCH(",",F17)),ISNUMBER(SEARCH(" и ",F17)),LOWER(F17)="все"),"ответственный — один человек",IF(G17="","оцените длительность","✓")))))))) | K17: =IF(AND(D17="пакет работ",ISNUMBER(G17)),G17*IF(LEFT(LOWER(H17),1)="д",1/7,1),0)
B18: =IF(A18="","",LEN(A18)-LEN(SUBSTITUTE(A18,".",""))+1) | D18: =IF(A18="","",IF(OR(B18=1,COUNTIF($A$7:$A$66,A18&".*")>0),"результат","пакет работ")) | J18: =IF(A18="","",IF(COUNTIF($A$7:$A$66,A18)>1,"код повторяется",IF(C18="","нет названия",IF(D18="результат",IF(COUNTIF($A$7:$A$66,A18&".*")=0,"разложите на пакеты работ","✓"),IF(E18="","впишите, что предъявляем",IF(F18="","нужен один ответственный",IF(OR(ISNUMBER(SEARCH(",",F18)),ISNUMBER(SEARCH(" и ",F18)),LOWER(F18)="все"),"ответственный — один человек",IF(G18="","оцените длительность","✓")))))))) | K18: =IF(AND(D18="пакет работ",ISNUMBER(G18)),G18*IF(LEFT(LOWER(H18),1)="д",1/7,1),0)
... B66: =IF(A66="","",LEN(A66)-LEN(SUBSTITUTE(A66,".",""))+1) | D66: =IF(A66="","",IF(OR(B66=1,COUNTIF($A$7:$A$66,A66&".*")>0),"результат","пакет работ")) | J66: =IF(A66="","",IF(COUNTIF($A$7:$A$66,A66)>1,"код повторяется",IF(C66="","нет названия",IF(D66="результат",IF(COUNTIF($A$7:$A$66,A66&".*")=0,"разложите на пакеты работ","✓"),IF(E66="","впишите, что предъявляем",IF(F66="","нужен один ответственный",IF(OR(ISNUMBER(SEARCH(",",F66)),ISNUMBER(SEARCH(" и ",F66)),LOWER(F66)="все"),"ответственный — один человек",IF(G66="","оцените длительность","✓")))))))) | K66: =IF(AND(D66="пакет работ",ISNUMBER(G66)),G66*IF(LEFT(LOWER(H66),1)="д",1/7,1),0)

Sheet Пример — умный горшок
A1: Пример: WBS умного горшка
A2: Проект: | B2: Умный горшок: датчик влажности с индикатором
A3: Результатов | C3: Пакетов работ | D3: Замечаний | E3: «Отчёт и защита» | F3: «Управление проектом» | G3: Сумма, недель | I3: Сумма — если делать всё по очереди. Реальный срок покажет диаграмма Ганта.
A4: =COUNTIFS($B$7:$B$66,1) | C4: =COUNTIF($D$7:$D$66,"пакет работ") | D4: =COUNTIF($J$7:$J$66,"?*")-COUNTIF($J$7:$J$66,"✓") | E4: =IF(COUNTIFS($B$7:$B$66,1,$C$7:$C$66,"*отч*")>0,"✓ есть","добавьте") | F4: =IF(COUNTIFS($B$7:$B$66,1,$C$7:$C$66,"*управл*")>0,"✓ есть","добавьте") | G4: =ROUND(SUM($K$7:$K$66),1)
A6: Код | B6: Уровень | C6: Элемент WBS: результат или пакет работ (существительным) | D6: Тип | E6: Что предъявляем: предмет, документ, данные | F6: Ответственный (один) | G6: Длительность | H6: Ед. | I6: Зависит от (коды) — на следующей паре | J6: Проверка | K6: недель
A7: 1 | B7: =IF(A7="","",LEN(A7)-LEN(SUBSTITUTE(A7,".",""))+1) | C7: Прототип датчика с индикатором | D7: =IF(A7="","",IF(OR(B7=1,COUNTIF($A$7:$A$66,A7&".*")>0),"результат","пакет работ")) | J7: =IF(A7="","",IF(COUNTIF($A$7:$A$66,A7)>1,"код повторяется",IF(C7="","нет названия",IF(D7="результат",IF(COUNTIF($A$7:$A$66,A7&".*")=0,"разложите на пакеты работ","✓"),IF(E7="","впишите, что предъявляем",IF(F7="","нужен один ответственный",IF(OR(ISNUMBER(SEARCH(",",F7)),ISNUMBER(SEARCH(" и ",F7)),LOWER(F7)="все"),"ответственный — один человек",IF(G7="","оцените длительность","✓")))))))) | K7: =IF(AND(D7="пакет работ",ISNUMBER(G7)),G7*IF(LEFT(LOWER(H7),1)="д",1/7,1),0)
A8: 1.1 | B8: =IF(A8="","",LEN(A8)-LEN(SUBSTITUTE(A8,".",""))+1) | C8: Компоненты подобраны и куплены | D8: =IF(A8="","",IF(OR(B8=1,COUNTIF($A$7:$A$66,A8&".*")>0),"результат","пакет работ")) | E8: список компонентов с ценами, не дороже 1500 ₽ | F8: аналитик | G8: 1 | H8: недель | J8: =IF(A8="","",IF(COUNTIF($A$7:$A$66,A8)>1,"код повторяется",IF(C8="","нет названия",IF(D8="результат",IF(COUNTIF($A$7:$A$66,A8&".*")=0,"разложите на пакеты работ","✓"),IF(E8="","впишите, что предъявляем",IF(F8="","нужен один ответственный",IF(OR(ISNUMBER(SEARCH(",",F8)),ISNUMBER(SEARCH(" и ",F8)),LOWER(F8)="все"),"ответственный — один человек",IF(G8="","оцените длительность","✓")))))))) | K8: =IF(AND(D8="пакет работ",ISNUMBER(G8)),G8*IF(LEFT(LOWER(H8),1)="д",1/7,1),0)
A9: 1.2 | B9: =IF(A9="","",LEN(A9)-LEN(SUBSTITUTE(A9,".",""))+1) | C9: Схема собрана и проверена на столе | D9: =IF(A9="","",IF(OR(B9=1,COUNTIF($A$7:$A$66,A9&".*")>0),"результат","пакет работ")) | E9: фото схемы, показания на трёх образцах почвы | F9: технический эксперт | G9: 1 | H9: недель | J9: =IF(A9="","",IF(COUNTIF($A$7:$A$66,A9)>1,"код повторяется",IF(C9="","нет названия",IF(D9="результат",IF(COUNTIF($A$7:$A$66,A9&".*")=0,"разложите на пакеты работ","✓"),IF(E9="","впишите, что предъявляем",IF(F9="","нужен один ответственный",IF(OR(ISNUMBER(SEARCH(",",F9)),ISNUMBER(SEARCH(" и ",F9)),LOWER(F9)="все"),"ответственный — один человек",IF(G9="","оцените длительность","✓")))))))) | K9: =IF(AND(D9="пакет работ",ISNUMBER(G9)),G9*IF(LEFT(LOWER(H9),1)="д",1/7,1),0)
A10: 1.3 | B10: =IF(A10="","",LEN(A10)-LEN(SUBSTITUTE(A10,".",""))+1) | C10: Программа: порог влажности включает индикатор | D10: =IF(A10="","",IF(OR(B10=1,COUNTIF($A$7:$A$66,A10&".*")>0),"результат","пакет работ")) | E10: код программы | F10: технический эксперт | G10: 1 | H10: недель | J10: =IF(A10="","",IF(COUNTIF($A$7:$A$66,A10)>1,"код повторяется",IF(C10="","нет названия",IF(D10="результат",IF(COUNTIF($A$7:$A$66,A10&".*")=0,"разложите на пакеты работ","✓"),IF(E10="","впишите, что предъявляем",IF(F10="","нужен один ответственный",IF(OR(ISNUMBER(SEARCH(",",F10)),ISNUMBER(SEARCH(" и ",F10)),LOWER(F10)="все"),"ответственный — один человек",IF(G10="","оцените длительность","✓")))))))) | K10: =IF(AND(D10="пакет работ",ISNUMBER(G10)),G10*IF(LEFT(LOWER(H10),1)="д",1/7,1),0)
A11: 1.4 | B11: =IF(A11="","",LEN(A11)-LEN(SUBSTITUTE(A11,".",""))+1) | C11: Корпус с индикатором | D11: =IF(A11="","",IF(OR(B11=1,COUNTIF($A$7:$A$66,A11&".*")>0),"результат","пакет работ")) | E11: корпус, установленный в горшок | F11: лидер | G11: 1 | H11: недель | J11: =IF(A11="","",IF(COUNTIF($A$7:$A$66,A11)>1,"код повторяется",IF(C11="","нет названия",IF(D11="результат",IF(COUNTIF($A$7:$A$66,A11&".*")=0,"разложите на пакеты работ","✓"),IF(E11="","впишите, что предъявляем",IF(F11="","нужен один ответственный",IF(OR(ISNUMBER(SEARCH(",",F11)),ISNUMBER(SEARCH(" и ",F11)),LOWER(F11)="все"),"ответственный — один человек",IF(G11="","оцените длительность","✓")))))))) | K11: =IF(AND(D11="пакет работ",ISNUMBER(G11)),G11*IF(LEFT(LOWER(H11),1)="д",1/7,1),0)
A12: 2 | B12: =IF(A12="","",LEN(A12)-LEN(SUBSTITUTE(A12,".",""))+1) | C12: Испытания | D12: =IF(A12="","",IF(OR(B12=1,COUNTIF($A$7:$A$66,A12&".*")>0),"результат","пакет работ")) | J12: =IF(A12="","",IF(COUNTIF($A$7:$A$66,A12)>1,"код повторяется",IF(C12="","нет названия",IF(D12="результат",IF(COUNTIF($A$7:$A$66,A12&".*")=0,"разложите на пакеты работ","✓"),IF(E12="","впишите, что предъявляем",IF(F12="","нужен один ответственный",IF(OR(ISNUMBER(SEARCH(",",F12)),ISNUMBER(SEARCH(" и ",F12)),LOWER(F12)="все"),"ответственный — один человек",IF(G12="","оцените длительность","✓")))))))) | K12: =IF(AND(D12="пакет работ",ISNUMBER(G12)),G12*IF(LEFT(LOWER(H12),1)="д",1/7,1),0)
A13: 2.1 | B13: =IF(A13="","",LEN(A13)-LEN(SUBSTITUTE(A13,".",""))+1) | C13: Калибровка датчика по контрольному влагомеру | D13: =IF(A13="","",IF(OR(B13=1,COUNTIF($A$7:$A$66,A13&".*")>0),"результат","пакет работ")) | E13: таблица соответствия показаний | F13: технический эксперт | G13: 1 | H13: недель | J13: =IF(A13="","",IF(COUNTIF($A$7:$A$66,A13)>1,"код повторяется",IF(C13="","нет названия",IF(D13="результат",IF(COUNTIF($A$7:$A$66,A13&".*")=0,"разложите на пакеты работ","✓"),IF(E13="","впишите, что предъявляем",IF(F13="","нужен один ответственный",IF(OR(ISNUMBER(SEARCH(",",F13)),ISNUMBER(SEARCH(" и ",F13)),LOWER(F13)="все"),"ответственный — один человек",IF(G13="","оцените длительность","✓")))))))) | K13: =IF(AND(D13="пакет работ",ISNUMBER(G13)),G13*IF(LEFT(LOWER(H13),1)="д",1/7,1),0)
A14: 2.2 | B14: =IF(A14="","",LEN(A14)-LEN(SUBSTITUTE(A14,".",""))+1) | C14: Десять циклов полива на трёх растениях | D14: =IF(A14="","",IF(OR(B14=1,COUNTIF($A$7:$A$66,A14&".*")>0),"результат","пакет работ")) | E14: протокол испытаний | F14: аналитик | G14: 2 | H14: недель | J14: =IF(A14="","",IF(COUNTIF($A$7:$A$66,A14)>1,"код повторяется",IF(C14="","нет названия",IF(D14="результат",IF(COUNTIF($A$7:$A$66,A14&".*")=0,"разложите на пакеты работ","✓"),IF(E14="","впишите, что предъявляем",IF(F14="","нужен один ответственный",IF(OR(ISNUMBER(SEARCH(",",F14)),ISNUMBER(SEARCH(" и ",F14)),LOWER(F14)="все"),"ответственный — один человек",IF(G14="","оцените длительность","✓")))))))) | K14: =IF(AND(D14="пакет работ",ISNUMBER(G14)),G14*IF(LEFT(LOWER(H14),1)="д",1/7,1),0)
A15: 3 | B15: =IF(A15="","",LEN(A15)-LEN(SUBSTITUTE(A15,".",""))+1) | C15: Проверка с пользователями | D15: =IF(A15="","",IF(OR(B15=1,COUNTIF($A$7:$A$66,A15&".*")>0),"результат","пакет работ")) | J15: =IF(A15="","",IF(COUNTIF($A$7:$A$66,A15)>1,"код повторяется",IF(C15="","нет названия",IF(D15="результат",IF(COUNTIF($A$7:$A$66,A15&".*")=0,"разложите на пакеты работ","✓"),IF(E15="","впишите, что предъявляем",IF(F15="","нужен один ответственный",IF(OR(ISNUMBER(SEARCH(",",F15)),ISNUMBER(SEARCH(" и ",F15)),LOWER(F15)="все"),"ответственный — один человек",IF(G15="","оцените длительность","✓")))))))) | K15: =IF(AND(D15="пакет работ",ISNUMBER(G15)),G15*IF(LEFT(LOWER(H15),1)="д",1/7,1),0)
A16: 3.1 | B16: =IF(A16="","",LEN(A16)-LEN(SUBSTITUTE(A16,".",""))+1) | C16: Три владельца растений попробовали прототип | D16: =IF(A16="","",IF(OR(B16=1,COUNTIF($A$7:$A$66,A16&".*")>0),"результат","пакет работ")) | E16: записи разговоров, цитаты | F16: коммуникатор | G16: 1 | H16: недель | J16: =IF(A16="","",IF(COUNTIF($A$7:$A$66,A16)>1,"код повторяется",IF(C16="","нет названия",IF(D16="результат",IF(COUNTIF($A$7:$A$66,A16&".*")=0,"разложите на пакеты работ","✓"),IF(E16="","впишите, что предъявляем",IF(F16="","нужен один ответственный",IF(OR(ISNUMBER(SEARCH(",",F16)),ISNUMBER(SEARCH(" и ",F16)),LOWER(F16)="все"),"ответственный — один человек",IF(G16="","оцените длительность","✓")))))))) | K16: =IF(AND(D16="пакет работ",ISNUMBER(G16)),G16*IF(LEFT(LOWER(H16),1)="д",1/7,1),0)
A17: 4 | B17: =IF(A17="","",LEN(A17)-LEN(SUBSTITUTE(A17,".",""))+1) | C17: Отчёт и защита | D17: =IF(A17="","",IF(OR(B17=1,COUNTIF($A$7:$A$66,A17&".*")>0),"результат","пакет работ")) | J17: =IF(A17="","",IF(COUNTIF($A$7:$A$66,A17)>1,"код повторяется",IF(C17="","нет названия",IF(D17="результат",IF(COUNTIF($A$7:$A$66,A17&".*")=0,"разложите на пакеты работ","✓"),IF(E17="","впишите, что предъявляем",IF(F17="","нужен один ответственный",IF(OR(ISNUMBER(SEARCH(",",F17)),ISNUMBER(SEARCH(" и ",F17)),LOWER(F17)="все"),"ответственный — один человек",IF(G17="","оцените длительность","✓")))))))) | K17: =IF(AND(D17="пакет работ",ISNUMBER(G17)),G17*IF(LEFT(LOWER(H17),1)="д",1/7,1),0)
A18: 4.1 | B18: =IF(A18="","",LEN(A18)-LEN(SUBSTITUTE(A18,".",""))+1) | C18: Письменный отчёт | D18: =IF(A18="","",IF(OR(B18=1,COUNTIF($A$7:$A$66,A18&".*")>0),"результат","пакет работ")) | E18: отчёт | F18: аналитик | G18: 1 | H18: недель | J18: =IF(A18="","",IF(COUNTIF($A$7:$A$66,A18)>1,"код повторяется",IF(C18="","нет названия",IF(D18="результат",IF(COUNTIF($A$7:$A$66,A18&".*")=0,"разложите на пакеты работ","✓"),IF(E18="","впишите, что предъявляем",IF(F18="","нужен один ответственный",IF(OR(ISNUMBER(SEARCH(",",F18)),ISNUMBER(SEARCH(" и ",F18)),LOWER(F18)="все"),"ответственный — один человек",IF(G18="","оцените длительность","✓")))))))) | K18: =IF(AND(D18="пакет работ",ISNUMBER(G18)),G18*IF(LEFT(LOWER(H18),1)="д",1/7,1),0)
A19: 4.2 | B19: =IF(A19="","",LEN(A19)-LEN(SUBSTITUTE(A19,".",""))+1) | C19: Презентация и питч | D19: =IF(A19="","",IF(OR(B19=1,COUNTIF($A$7:$A$66,A19&".*")>0),"результат","пакет работ")) | E19: презентация, отрепетированный питч | F19: коммуникатор | G19: 1 | H19: недель | J19: =IF(A19="","",IF(COUNTIF($A$7:$A$66,A19)>1,"код повторяется",IF(C19="","нет названия",IF(D19="результат",IF(COUNTIF($A$7:$A$66,A19&".*")=0,"разложите на пакеты работ","✓"),IF(E19="","впишите, что предъявляем",IF(F19="","нужен один ответственный",IF(OR(ISNUMBER(SEARCH(",",F19)),ISNUMBER(SEARCH(" и ",F19)),LOWER(F19)="все"),"ответственный — один человек",IF(G19="","оцените длительность","✓")))))))) | K19: =IF(AND(D19="пакет работ",ISNUMBER(G19)),G19*IF(LEFT(LOWER(H19),1)="д",1/7,1),0)
A20: 5 | B20: =IF(A20="","",LEN(A20)-LEN(SUBSTITUTE(A20,".",""))+1) | C20: Управление проектом | D20: =IF(A20="","",IF(OR(B20=1,COUNTIF($A$7:$A$66,A20&".*")>0),"результат","пакет работ")) | J20: =IF(A20="","",IF(COUNTIF($A$7:$A$66,A20)>1,"код повторяется",IF(C20="","нет названия",IF(D20="результат",IF(COUNTIF($A$7:$A$66,A20&".*")=0,"разложите на пакеты работ","✓"),IF(E20="","впишите, что предъявляем",IF(F20="","нужен один ответственный",IF(OR(ISNUMBER(SEARCH(",",F20)),ISNUMBER(SEARCH(" и ",F20)),LOWER(F20)="все"),"ответственный — один человек",IF(G20="","оцените длительность","✓")))))))) | K20: =IF(AND(D20="пакет работ",ISNUMBER(G20)),G20*IF(LEFT(LOWER(H20),1)="д",1/7,1),0)
A21: 5.1 | B21: =IF(A21="","",LEN(A21)-LEN(SUBSTITUTE(A21,".",""))+1) | C21: Паспорт, план, журнал проекта | D21: =IF(A21="","",IF(OR(B21=1,COUNTIF($A$7:$A$66,A21&".*")>0),"результат","пакет работ")) | E21: документы; журнал — запись каждую неделю | F21: лидер | G21: весь проект | J21: =IF(A21="","",IF(COUNTIF($A$7:$A$66,A21)>1,"код повторяется",IF(C21="","нет названия",IF(D21="результат",IF(COUNTIF($A$7:$A$66,A21&".*")=0,"разложите на пакеты работ","✓"),IF(E21="","впишите, что предъявляем",IF(F21="","нужен один ответственный",IF(OR(ISNUMBER(SEARCH(",",F21)),ISNUMBER(SEARCH(" и ",F21)),LOWER(F21)="все"),"ответственный — один человек",IF(G21="","оцените длительность","✓")))))))) | K21: =IF(AND(D21="пакет работ",ISNUMBER(G21)),G21*IF(LEFT(LOWER(H21),1)="д",1/7,1),0)
B22: =IF(A22="","",LEN(A22)-LEN(SUBSTITUTE(A22,".",""))+1) | D22: =IF(A22="","",IF(OR(B22=1,COUNTIF($A$7:$A$66,A22&".*")>0),"результат","пакет работ")) | J22: =IF(A22="","",IF(COUNTIF($A$7:$A$66,A22)>1,"код повторяется",IF(C22="","нет названия",IF(D22="результат",IF(COUNTIF($A$7:$A$66,A22&".*")=0,"разложите на пакеты работ","✓"),IF(E22="","впишите, что предъявляем",IF(F22="","нужен один ответственный",IF(OR(ISNUMBER(SEARCH(",",F22)),ISNUMBER(SEARCH(" и ",F22)),LOWER(F22)="все"),"ответственный — один человек",IF(G22="","оцените длительность","✓")))))))) | K22: =IF(AND(D22="пакет работ",ISNUMBER(G22)),G22*IF(LEFT(LOWER(H22),1)="д",1/7,1),0)
B23: =IF(A23="","",LEN(A23)-LEN(SUBSTITUTE(A23,".",""))+1) | D23: =IF(A23="","",IF(OR(B23=1,COUNTIF($A$7:$A$66,A23&".*")>0),"результат","пакет работ")) | J23: =IF(A23="","",IF(COUNTIF($A$7:$A$66,A23)>1,"код повторяется",IF(C23="","нет названия",IF(D23="результат",IF(COUNTIF($A$7:$A$66,A23&".*")=0,"разложите на пакеты работ","✓"),IF(E23="","впишите, что предъявляем",IF(F23="","нужен один ответственный",IF(OR(ISNUMBER(SEARCH(",",F23)),ISNUMBER(SEARCH(" и ",F23)),LOWER(F23)="все"),"ответственный — один человек",IF(G23="","оцените длительность","✓")))))))) | K23: =IF(AND(D23="пакет работ",ISNUMBER(G23)),G23*IF(LEFT(LOWER(H23),1)="д",1/7,1),0)
B24: =IF(A24="","",LEN(A24)-LEN(SUBSTITUTE(A24,".",""))+1) | D24: =IF(A24="","",IF(OR(B24=1,COUNTIF($A$7:$A$66,A24&".*")>0),"результат","пакет работ")) | J24: =IF(A24="","",IF(COUNTIF($A$7:$A$66,A24)>1,"код повторяется",IF(C24="","нет названия",IF(D24="результат",IF(COUNTIF($A$7:$A$66,A24&".*")=0,"разложите на пакеты работ","✓"),IF(E24="","впишите, что предъявляем",IF(F24="","нужен один ответственный",IF(OR(ISNUMBER(SEARCH(",",F24)),ISNUMBER(SEARCH(" и ",F24)),LOWER(F24)="все"),"ответственный — один человек",IF(G24="","оцените длительность","✓")))))))) | K24: =IF(AND(D24="пакет работ",ISNUMBER(G24)),G24*IF(LEFT(LOWER(H24),1)="д",1/7,1),0)
B25: =IF(A25="","",LEN(A25)-LEN(SUBSTITUTE(A25,".",""))+1) | D25: =IF(A25="","",IF(OR(B25=1,COUNTIF($A$7:$A$66,A25&".*")>0),"результат","пакет работ")) | J25: =IF(A25="","",IF(COUNTIF($A$7:$A$66,A25)>1,"код повторяется",IF(C25="","нет названия",IF(D25="результат",IF(COUNTIF($A$7:$A$66,A25&".*")=0,"разложите на пакеты работ","✓"),IF(E25="","впишите, что предъявляем",IF(F25="","нужен один ответственный",IF(OR(ISNUMBER(SEARCH(",",F25)),ISNUMBER(SEARCH(" и ",F25)),LOWER(F25)="все"),"ответственный — один человек",IF(G25="","оцените длительность","✓")))))))) | K25: =IF(AND(D25="пакет работ",ISNUMBER(G25)),G25*IF(LEFT(LOWER(H25),1)="д",1/7,1),0)
B26: =IF(A26="","",LEN(A26)-LEN(SUBSTITUTE(A26,".",""))+1) | D26: =IF(A26="","",IF(OR(B26=1,COUNTIF($A$7:$A$66,A26&".*")>0),"результат","пакет работ")) | J26: =IF(A26="","",IF(COUNTIF($A$7:$A$66,A26)>1,"код повторяется",IF(C26="","нет названия",IF(D26="результат",IF(COUNTIF($A$7:$A$66,A26&".*")=0,"разложите на пакеты работ","✓"),IF(E26="","впишите, что предъявляем",IF(F26="","нужен один ответственный",IF(OR(ISNUMBER(SEARCH(",",F26)),ISNUMBER(SEARCH(" и ",F26)),LOWER(F26)="все"),"ответственный — один человек",IF(G26="","оцените длительность","✓")))))))) | K26: =IF(AND(D26="пакет работ",ISNUMBER(G26)),G26*IF(LEFT(LOWER(H26),1)="д",1/7,1),0)
B27: =IF(A27="","",LEN(A27)-LEN(SUBSTITUTE(A27,".",""))+1) | D27: =IF(A27="","",IF(OR(B27=1,COUNTIF($A$7:$A$66,A27&".*")>0),"результат","пакет работ")) | J27: =IF(A27="","",IF(COUNTIF($A$7:$A$66,A27)>1,"код повторяется",IF(C27="","нет названия",IF(D27="результат",IF(COUNTIF($A$7:$A$66,A27&".*")=0,"разложите на пакеты работ","✓"),IF(E27="","впишите, что предъявляем",IF(F27="","нужен один ответственный",IF(OR(ISNUMBER(SEARCH(",",F27)),ISNUMBER(SEARCH(" и ",F27)),LOWER(F27)="все"),"ответственный — один человек",IF(G27="","оцените длительность","✓")))))))) | K27: =IF(AND(D27="пакет работ",ISNUMBER(G27)),G27*IF(LEFT(LOWER(H27),1)="д",1/7,1),0)
B28: =IF(A28="","",LEN(A28)-LEN(SUBSTITUTE(A28,".",""))+1) | D28: =IF(A28="","",IF(OR(B28=1,COUNTIF($A$7:$A$66,A28&".*")>0),"результат","пакет работ")) | J28: =IF(A28="","",IF(COUNTIF($A$7:$A$66,A28)>1,"код повторяется",IF(C28="","нет названия",IF(D28="результат",IF(COUNTIF($A$7:$A$66,A28&".*")=0,"разложите на пакеты работ","✓"),IF(E28="","впишите, что предъявляем",IF(F28="","нужен один ответственный",IF(OR(ISNUMBER(SEARCH(",",F28)),ISNUMBER(SEARCH(" и ",F28)),LOWER(F28)="все"),"ответственный — один человек",IF(G28="","оцените длительность","✓")))))))) | K28: =IF(AND(D28="пакет работ",ISNUMBER(G28)),G28*IF(LEFT(LOWER(H28),1)="д",1/7,1),0)
B29: =IF(A29="","",LEN(A29)-LEN(SUBSTITUTE(A29,".",""))+1) | D29: =IF(A29="","",IF(OR(B29=1,COUNTIF($A$7:$A$66,A29&".*")>0),"результат","пакет работ")) | J29: =IF(A29="","",IF(COUNTIF($A$7:$A$66,A29)>1,"код повторяется",IF(C29="","нет названия",IF(D29="результат",IF(COUNTIF($A$7:$A$66,A29&".*")=0,"разложите на пакеты работ","✓"),IF(E29="","впишите, что предъявляем",IF(F29="","нужен один ответственный",IF(OR(ISNUMBER(SEARCH(",",F29)),ISNUMBER(SEARCH(" и ",F29)),LOWER(F29)="все"),"ответственный — один человек",IF(G29="","оцените длительность","✓")))))))) | K29: =IF(AND(D29="пакет работ",ISNUMBER(G29)),G29*IF(LEFT(LOWER(H29),1)="д",1/7,1),0)
B30: =IF(A30="","",LEN(A30)-LEN(SUBSTITUTE(A30,".",""))+1) | D30: =IF(A30="","",IF(OR(B30=1,COUNTIF($A$7:$A$66,A30&".*")>0),"результат","пакет работ")) | J30: =IF(A30="","",IF(COUNTIF($A$7:$A$66,A30)>1,"код повторяется",IF(C30="","нет названия",IF(D30="результат",IF(COUNTIF($A$7:$A$66,A30&".*")=0,"разложите на пакеты работ","✓"),IF(E30="","впишите, что предъявляем",IF(F30="","нужен один ответственный",IF(OR(ISNUMBER(SEARCH(",",F30)),ISNUMBER(SEARCH(" и ",F30)),LOWER(F30)="все"),"ответственный — один человек",IF(G30="","оцените длительность","✓")))))))) | K30: =IF(AND(D30="пакет работ",ISNUMBER(G30)),G30*IF(LEFT(LOWER(H30),1)="д",1/7,1),0)
B31: =IF(A31="","",LEN(A31)-LEN(SUBSTITUTE(A31,".",""))+1) | D31: =IF(A31="","",IF(OR(B31=1,COUNTIF($A$7:$A$66,A31&".*")>0),"результат","пакет работ")) | J31: =IF(A31="","",IF(COUNTIF($A$7:$A$66,A31)>1,"код повторяется",IF(C31="","нет названия",IF(D31="результат",IF(COUNTIF($A$7:$A$66,A31&".*")=0,"разложите на пакеты работ","✓"),IF(E31="","впишите, что предъявляем",IF(F31="","нужен один ответственный",IF(OR(ISNUMBER(SEARCH(",",F31)),ISNUMBER(SEARCH(" и ",F31)),LOWER(F31)="все"),"ответственный — один человек",IF(G31="","оцените длительность","✓")))))))) | K31: =IF(AND(D31="пакет работ",ISNUMBER(G31)),G31*IF(LEFT(LOWER(H31),1)="д",1/7,1),0)
B32: =IF(A32="","",LEN(A32)-LEN(SUBSTITUTE(A32,".",""))+1) | D32: =IF(A32="","",IF(OR(B32=1,COUNTIF($A$7:$A$66,A32&".*")>0),"результат","пакет работ")) | J32: =IF(A32="","",IF(COUNTIF($A$7:$A$66,A32)>1,"код повторяется",IF(C32="","нет названия",IF(D32="результат",IF(COUNTIF($A$7:$A$66,A32&".*")=0,"разложите на пакеты работ","✓"),IF(E32="","впишите, что предъявляем",IF(F32="","нужен один ответственный",IF(OR(ISNUMBER(SEARCH(",",F32)),ISNUMBER(SEARCH(" и ",F32)),LOWER(F32)="все"),"ответственный — один человек",IF(G32="","оцените длительность","✓")))))))) | K32: =IF(AND(D32="пакет работ",ISNUMBER(G32)),G32*IF(LEFT(LOWER(H32),1)="д",1/7,1),0)
B33: =IF(A33="","",LEN(A33)-LEN(SUBSTITUTE(A33,".",""))+1) | D33: =IF(A33="","",IF(OR(B33=1,COUNTIF($A$7:$A$66,A33&".*")>0),"результат","пакет работ")) | J33: =IF(A33="","",IF(COUNTIF($A$7:$A$66,A33)>1,"код повторяется",IF(C33="","нет названия",IF(D33="результат",IF(COUNTIF($A$7:$A$66,A33&".*")=0,"разложите на пакеты работ","✓"),IF(E33="","впишите, что предъявляем",IF(F33="","нужен один ответственный",IF(OR(ISNUMBER(SEARCH(",",F33)),ISNUMBER(SEARCH(" и ",F33)),LOWER(F33)="все"),"ответственный — один человек",IF(G33="","оцените длительность","✓")))))))) | K33: =IF(AND(D33="пакет работ",ISNUMBER(G33)),G33*IF(LEFT(LOWER(H33),1)="д",1/7,1),0)
... B66: =IF(A66="","",LEN(A66)-LEN(SUBSTITUTE(A66,".",""))+1) | D66: =IF(A66="","",IF(OR(B66=1,COUNTIF($A$7:$A$66,A66&".*")>0),"результат","пакет работ")) | J66: =IF(A66="","",IF(COUNTIF($A$7:$A$66,A66)>1,"код повторяется",IF(C66="","нет названия",IF(D66="результат",IF(COUNTIF($A$7:$A$66,A66&".*")=0,"разложите на пакеты работ","✓"),IF(E66="","впишите, что предъявляем",IF(F66="","нужен один ответственный",IF(OR(ISNUMBER(SEARCH(",",F66)),ISNUMBER(SEARCH(" и ",F66)),LOWER(F66)="все"),"ответственный — один человек",IF(G66="","оцените длительность","✓")))))))) | K66: =IF(AND(D66="пакет работ",ISNUMBER(G66)),G66*IF(LEFT(LOWER(H66),1)="д",1/7,1),0)
